page	part	chapter	title	template	variant	editorialComposition	wordCount	hasImage	tableCount	mechanicalStatus	sourceStartLine	sourceEndLine	visualReview
1	KALLISTIS	KALLISTIS		front_matter	title-page	TEXT_FLOW	152	NO	0	PASS	1	21	PENDING_FULL_VISUAL_REVIEW
2	KALLISTIS	Dedicatória		front_matter	dedication	TEXT_FEATURE	59	NO	0	PASS	23	33	PENDING_FULL_VISUAL_REVIEW
3	KALLISTIS	Dedicatória	Dedicatória	narrative	default	TEXT_FLOW	219	NO	0	PASS	35	49	PENDING_FULL_VISUAL_REVIEW
4	KALLISTIS	Prólogo — A velha e a Fresta	Prólogo — A velha e a Fresta	chapter_opening	image-top	IMAGE_TOP	235	YES	0	PASS	51	63	SAMPLE_REVIEWED
5	PARTE I — O MUNDO PARTIDO	PARTE I — O MUNDO PARTIDO	PARTE I — O MUNDO PARTIDO	part_opening	default	PART_HERO	24	YES	0	PASS	65	67	SAMPLE_REVIEWED
6	PARTE I — O MUNDO PARTIDO	Manesh — O Mundo da Luz	Manesh — O Mundo da Luz	chapter_opening	image-top	IMAGE_TOP	173	YES	0	PASS	69	77	SAMPLE_REVIEWED
7	PARTE I — O MUNDO PARTIDO	Thuvel — O Mundo da Escuridão	Thuvel — O Mundo da Escuridão	chapter_opening	image-top	IMAGE_TOP	199	YES	0	PASS	79	89	SAMPLE_REVIEWED
8	PARTE I — O MUNDO PARTIDO	Luz, Escuridão e Sombra	Luz, Escuridão e Sombra	chapter_opening	image-side	SIDE_ART_PAIR	153	YES	0	PASS	91	103	SAMPLE_REVIEWED
9	PARTE I — O MUNDO PARTIDO	Kav — Sombra É Corrupção, Não Escuridão	Kav — Sombra É Corrupção, Não Escuridão	chapter_opening	image-side	SIDE_ART_PAIR	162	YES	0	PASS	105	117	SAMPLE_REVIEWED
10	PARTE I — O MUNDO PARTIDO	O Grande Cristal — Antes Que Houvesse Dois Mundos	O Grande Cristal — Antes Que Houvesse Dois Mundos	chapter_opening	image-top	IMAGE_TOP	186	YES	0	PASS	119	131	SAMPLE_REVIEWED
11	PARTE I — O MUNDO PARTIDO	Mirveth — Uma Pessoa Inteira	Mirveth — Uma Pessoa Inteira	chapter_opening	image-top	IMAGE_TOP	149	YES	0	PASS	133	143	SAMPLE_REVIEWED
12	PARTE I — O MUNDO PARTIDO	Vethari — Relação Sem Apagamento	Vethari — Relação Sem Apagamento	chapter_opening	image-top	IMAGE_TOP	157	YES	0	PASS	145	155	SAMPLE_REVIEWED
13	PARTE I — O MUNDO PARTIDO	História do Mundo Partido	História do Mundo Partido	chapter_opening	image-top	IMAGE_TOP	131	YES	0	PASS	157	169	SAMPLE_REVIEWED
14	PARTE I — O MUNDO PARTIDO	A história em Marcos	A história em Marcos	timeline_milestone	default	TIMELINE_MILESTONE	182	YES	0	PASS	171	191	SAMPLE_REVIEWED
15	PARTE I — O MUNDO PARTIDO	A história em Marcos	A história em Marcos	narrative	default	TEXT_FLOW	330	NO	0	PASS	191	227	PENDING_FULL_VISUAL_REVIEW
16	PARTE I — O MUNDO PARTIDO	A história em Marcos	A história em Marcos	narrative	default	TEXT_FLOW	236	NO	0	PASS	229	269	PENDING_FULL_VISUAL_REVIEW
17	PARTE I — O MUNDO PARTIDO	A história em Marcos	MARCO UM — A FRATURA	timeline_milestone	default	TIMELINE_MILESTONE	138	YES	0	PASS	271	301	SAMPLE_REVIEWED
18	PARTE I — O MUNDO PARTIDO	A história em Marcos	A história em Marcos	narrative	default	TEXT_FLOW	156	YES	0	PASS	303	335	SAMPLE_REVIEWED
19	PARTE I — O MUNDO PARTIDO	A história em Marcos	A história em Marcos	narrative	default	TEXT_FLOW	144	NO	0	PASS	337	391	PENDING_FULL_VISUAL_REVIEW
20	PARTE I — O MUNDO PARTIDO	A história em Marcos	A história em Marcos	narrative	default	TEXT_FLOW	192	NO	0	PASS	399	441	PENDING_FULL_VISUAL_REVIEW
21	PARTE I — O MUNDO PARTIDO	A história em Marcos	MARCO DOIS — A ERA DA DUPLA HERANÇA	timeline_milestone	default	TIMELINE_MILESTONE	238	NO	0	PASS	443	483	PENDING_FULL_VISUAL_REVIEW
22	PARTE I — O MUNDO PARTIDO	A história em Marcos	A história em Marcos	narrative	default	TEXT_FLOW	278	NO	0	PASS	485	533	PENDING_FULL_VISUAL_REVIEW
23	PARTE I — O MUNDO PARTIDO	A história em Marcos	Nimari	chapter_opening	image-side	SIDE_ART_PAIR	200	YES	0	PASS	535	547	SAMPLE_REVIEWED
24	PARTE I — O MUNDO PARTIDO	A história em Marcos	A história em Marcos	chapter_opening	image-side	SIDE_ART_PAIR	110	YES	0	PASS	549	567	SAMPLE_REVIEWED
25	PARTE I — O MUNDO PARTIDO	A história em Marcos	A história em Marcos	narrative	default	TEXT_FLOW	129	NO	0	PASS	569	611	PENDING_FULL_VISUAL_REVIEW
26	PARTE I — O MUNDO PARTIDO	A história em Marcos	MARCO TRÊS — A ERA DOS POVOS E DOS REINOS	timeline_milestone	default	TIMELINE_MILESTONE	247	NO	0	PASS	613	647	PENDING_FULL_VISUAL_REVIEW
27	PARTE I — O MUNDO PARTIDO	A história em Marcos	A história em Marcos	narrative	default	TEXT_FLOW	230	NO	0	PASS	649	686	PENDING_FULL_VISUAL_REVIEW
28	PARTE I — O MUNDO PARTIDO	A história em Marcos	A história em Marcos	narrative	default	TEXT_FLOW	156	NO	0	PASS	677	731	PENDING_FULL_VISUAL_REVIEW
29	PARTE I — O MUNDO PARTIDO	A história em Marcos	MARCO QUATRO — A ERA DE SILMAIN E DAS FRESTAS	timeline_milestone	default	TIMELINE_MILESTONE	156	YES	0	PASS	733	749	SAMPLE_REVIEWED
30	PARTE I — O MUNDO PARTIDO	A história em Marcos	A história em Marcos	narrative	default	TEXT_FLOW	38	YES	0	PASS	751	773	SAMPLE_REVIEWED
31	PARTE I — O MUNDO PARTIDO	A história em Marcos	As primeiras frestas controladas	chapter_opening	image-top	IMAGE_TOP	104	YES	0	PASS	775	805	SAMPLE_REVIEWED
32	PARTE I — O MUNDO PARTIDO	A história em Marcos	A história em Marcos	narrative	default	TEXT_FLOW	193	NO	0	PASS	807	849	PENDING_FULL_VISUAL_REVIEW
33	PARTE I — O MUNDO PARTIDO	A história em Marcos	MARCO CINCO — A ERA DA RESTAURAÇÃO CIENTÍFICA	timeline_milestone	default	TIMELINE_MILESTONE	116	YES	0	PASS	851	875	SAMPLE_REVIEWED
34	PARTE I — O MUNDO PARTIDO	A história em Marcos	A história em Marcos	narrative	default	TEXT_FLOW	148	YES	0	PASS	873	910	SAMPLE_REVIEWED
35	PARTE I — O MUNDO PARTIDO	A história em Marcos	A história em Marcos	narrative	default	TEXT_FLOW	111	YES	0	PASS	903	940	SAMPLE_REVIEWED
36	PARTE I — O MUNDO PARTIDO	A história em Marcos	Os Outros	chapter_opening	image-side	SIDE_ART_PAIR	87	YES	0	PASS	933	969	SAMPLE_REVIEWED
37	PARTE I — O MUNDO PARTIDO	A história em Marcos	A história em Marcos	chapter_opening	image-side	SIDE_ART_PAIR	77	YES	0	PASS	971	999	SAMPLE_REVIEWED
38	PARTE I — O MUNDO PARTIDO	A história em Marcos	A história em Marcos	narrative	default	TEXT_FLOW	218	NO	0	PASS	1001	1057	PENDING_FULL_VISUAL_REVIEW
39	PARTE I — O MUNDO PARTIDO	A história em Marcos	MARCO SEIS — A ERA DAS REVELAÇÕES	timeline_milestone	default	TIMELINE_MILESTONE	109	YES	0	PASS	1059	1104	SAMPLE_REVIEWED
40	PARTE I — O MUNDO PARTIDO	A história em Marcos	Thavin	chapter_opening	image-side	SIDE_ART_PAIR	174	YES	0	PASS	1099	1147	SAMPLE_REVIEWED
41	PARTE I — O MUNDO PARTIDO	A história em Marcos	Isenna e a cisão interna	chapter_opening	image-side	SIDE_ART_PAIR	120	YES	0	PASS	1149	1183	SAMPLE_REVIEWED
42	PARTE I — O MUNDO PARTIDO	A história em Marcos	A história em Marcos	chapter_opening	image-top	IMAGE_TOP	120	YES	0	PASS	1185	1209	SAMPLE_REVIEWED
43	PARTE I — O MUNDO PARTIDO	A história em Marcos	MARCO SETE — O TEMPO DA ESCOLHA	timeline_milestone	default	TIMELINE_MILESTONE	67	YES	0	PASS	1211	1231	SAMPLE_REVIEWED
44	PARTE I — O MUNDO PARTIDO	A história em Marcos	A história em Marcos	narrative	default	TEXT_FLOW	115	YES	0	PASS	1233	1281	SAMPLE_REVIEWED
45	PARTE I — O MUNDO PARTIDO	A história em Marcos	Os Outros	chapter_opening	image-side	SIDE_ART_PAIR	152	YES	0	PASS	1283	1333	SAMPLE_REVIEWED
46	PARTE I — O MUNDO PARTIDO	A história em Marcos	Os Lightbringers	chapter_opening	image-side	SIDE_ART_PAIR	101	YES	0	PASS	1335	1365	SAMPLE_REVIEWED
47	PARTE I — O MUNDO PARTIDO	A história em Marcos	A história em Marcos	narrative	default	TEXT_FLOW	184	NO	0	PASS	1367	1420	PENDING_FULL_VISUAL_REVIEW
48	PARTE I — O MUNDO PARTIDO	A história em Marcos	A história em Marcos	narrative	default	TEXT_FLOW	132	NO	0	PASS	1409	1477	PENDING_FULL_VISUAL_REVIEW
49	PARTE I — O MUNDO PARTIDO	Cronologia consolidada por Marcos	Cronologia consolidada por Marcos	table_page	default	TEXT_FEATURE	177	NO	1	PASS	1479	1501	PENDING_FULL_VISUAL_REVIEW
50	PARTE I — O MUNDO PARTIDO	O que é fundamento, consenso, tradição e futuro aberto	PARTE II — O CINTURÃO DAS FRESTAS	part_opening	default	PART_HERO	152	YES	0	PASS	1508	1564	SAMPLE_REVIEWED
51	PARTE II — O CINTURÃO DAS FRESTAS	O Cinturão das Frestas	O Cinturão das Frestas	narrative	default	GEOGRAPHY_FLOW	247	YES	0	PASS	1565	1573	SAMPLE_REVIEWED
52	PARTE II — O CINTURÃO DAS FRESTAS	O Cinturão das Frestas	O Cinturão das Frestas	narrative	default	GEOGRAPHY_FLOW	128	NO	0	PASS	1575	1583	PENDING_FULL_VISUAL_REVIEW
53	PARTE II — O CINTURÃO DAS FRESTAS	O Mapa em Duas Camadas		full_art	full-page	MAP_SPREAD	0	YES	0	PASS	1585	1585	SAMPLE_REVIEWED
54	PARTE II — O CINTURÃO DAS FRESTAS	O Mapa em Duas Camadas		full_art	full-page	MAP_SPREAD	0	YES	0	PASS	1585	1585	SAMPLE_REVIEWED
55	PARTE II — O CINTURÃO DAS FRESTAS	O Mapa em Duas Camadas	O Mapa em Duas Camadas	narrative	default	GEOGRAPHY_FLOW	276	NO	1	PASS	1585	1603	PENDING_FULL_VISUAL_REVIEW
56	PARTE II — O CINTURÃO DAS FRESTAS	O Mapa em Duas Camadas	O Mapa em Duas Camadas	narrative	default	GEOGRAPHY_FLOW	90	NO	0	PASS	1603	1609	PENDING_FULL_VISUAL_REVIEW
57	PARTE II — O CINTURÃO DAS FRESTAS	A Fenda de Kethrell	A Fenda de Kethrell	chapter_opening	image-top	GEOGRAPHY_OPENING	353	NO	0	PASS	1611	1630	PENDING_FULL_VISUAL_REVIEW
58	PARTE II — O CINTURÃO DAS FRESTAS	A Fenda de Kethrell	A Fenda de Kethrell	narrative	default	GEOGRAPHY_FLOW	259	YES	0	PASS	1632	1644	SAMPLE_REVIEWED
59	PARTE II — O CINTURÃO DAS FRESTAS	Quatro Fatores de Instabilidade	Quatro Fatores de Instabilidade	narrative	default	GEOGRAPHY_FLOW	142	YES	1	PASS	1644	1660	SAMPLE_REVIEWED
60	PARTE II — O CINTURÃO DAS FRESTAS	Estados da Fenda	Estados da Fenda	narrative	default	GEOGRAPHY_FLOW	111	NO	0	PASS	1660	1666	PENDING_FULL_VISUAL_REVIEW
61	PARTE II — O CINTURÃO DAS FRESTAS	Geografia da Luz: Planalto de Silmari	Geografia da Luz: Planalto de Silmari	chapter_opening	image-top	GEOGRAPHY_OPENING	205	YES	0	PASS	1668	1678	SAMPLE_REVIEWED
62	PARTE II — O CINTURÃO DAS FRESTAS	Geografia da Luz: Planalto de Silmari	Geografia da Luz: Planalto de Silmari	narrative	default	GEOGRAPHY_FLOW	223	YES	0	PASS	1680	1696	SAMPLE_REVIEWED
63	PARTE II — O CINTURÃO DAS FRESTAS	Geografia da Luz: Planalto de Silmari	Geografia da Luz: Planalto de Silmari	narrative	default	GEOGRAPHY_FLOW	231	YES	0	PASS	1698	1716	SAMPLE_REVIEWED
64	PARTE II — O CINTURÃO DAS FRESTAS	Geografia da Luz: Planalto de Silmari	Geografia da Luz: Planalto de Silmari	narrative	default	GEOGRAPHY_FLOW	220	YES	0	PASS	1716	1732	SAMPLE_REVIEWED
65	PARTE II — O CINTURÃO DAS FRESTAS	Geografia da Luz: Planalto de Silmari	Geografia da Luz: Planalto de Silmari	narrative	default	GEOGRAPHY_FLOW	429	NO	0	PASS	1732	1760	PENDING_FULL_VISUAL_REVIEW
66	PARTE II — O CINTURÃO DAS FRESTAS	Geografia da Luz: Planalto de Silmari	Geografia da Luz: Planalto de Silmari	narrative	default	GEOGRAPHY_FLOW	134	YES	0	PASS	1748	1776	SAMPLE_REVIEWED
67	PARTE II — O CINTURÃO DAS FRESTAS	Geografia da Luz: Planalto de Silmari	Geografia da Luz: Planalto de Silmari	narrative	default	GEOGRAPHY_FLOW	227	YES	0	PASS	1778	1790	SAMPLE_REVIEWED
68	PARTE II — O CINTURÃO DAS FRESTAS	Geografia da Escuridão: Vale de Thur-Daer	Geografia da Escuridão: Vale de Thur-Daer	chapter_opening	image-top	GEOGRAPHY_OPENING	186	YES	0	PASS	1792	1802	SAMPLE_REVIEWED
69	PARTE II — O CINTURÃO DAS FRESTAS	Geografia da Escuridão: Vale de Thur-Daer	Geografia da Escuridão: Vale de Thur-Daer	narrative	default	GEOGRAPHY_FLOW	60	YES	0	PASS	1804	1810	SAMPLE_REVIEWED
70	PARTE II — O CINTURÃO DAS FRESTAS	Geografia da Escuridão: Vale de Thur-Daer	Geografia da Escuridão: Vale de Thur-Daer	narrative	default	GEOGRAPHY_FLOW	176	YES	0	PASS	1810	1826	SAMPLE_REVIEWED
71	PARTE II — O CINTURÃO DAS FRESTAS	Geografia da Escuridão: Vale de Thur-Daer	Geografia da Escuridão: Vale de Thur-Daer	narrative	default	GEOGRAPHY_FLOW	104	YES	0	PASS	1828	1836	SAMPLE_REVIEWED
72	PARTE II — O CINTURÃO DAS FRESTAS	Geografia da Escuridão: Vale de Thur-Daer	Geografia da Escuridão: Vale de Thur-Daer	narrative	default	GEOGRAPHY_FLOW	115	YES	0	PASS	1838	1850	SAMPLE_REVIEWED
73	PARTE II — O CINTURÃO DAS FRESTAS	Geografia da Luz — Cidades e enclaves	Geografia da Luz — Cidades e enclaves	narrative	default	GEOGRAPHY_FLOW	199	YES	0	PASS	1852	1868	SAMPLE_REVIEWED
74	PARTE II — O CINTURÃO DAS FRESTAS	Geografia da Luz — Cidades e enclaves	Geografia da Luz — Cidades e enclaves	narrative	default	GEOGRAPHY_FLOW	194	YES	0	PASS	1870	1886	SAMPLE_REVIEWED
75	PARTE II — O CINTURÃO DAS FRESTAS	Geografia da Luz — Cidades e enclaves	Geografia da Luz — Cidades e enclaves	narrative	default	GEOGRAPHY_FLOW	205	YES	0	PASS	1888	1906	SAMPLE_REVIEWED
76	PARTE II — O CINTURÃO DAS FRESTAS	Geografia da Luz — Cidades e enclaves	Geografia da Luz — Cidades e enclaves	narrative	default	GEOGRAPHY_FLOW	209	YES	0	PASS	1906	1926	SAMPLE_REVIEWED
77	PARTE II — O CINTURÃO DAS FRESTAS	Geografia da Luz — Cidades e enclaves	Geografia da Luz — Cidades e enclaves	narrative	default	GEOGRAPHY_FLOW	239	YES	0	PASS	1928	1938	SAMPLE_REVIEWED
78	PARTE II — O CINTURÃO DAS FRESTAS	Geografia da Escuridão — Cidades e enclaves	Geografia da Escuridão — Cidades e enclaves	narrative	default	GEOGRAPHY_FLOW	214	YES	0	PASS	1940	1960	SAMPLE_REVIEWED
79	PARTE II — O CINTURÃO DAS FRESTAS	Geografia da Escuridão — Cidades e enclaves	Geografia da Escuridão — Cidades e enclaves	narrative	default	GEOGRAPHY_FLOW	245	YES	0	PASS	1962	1982	SAMPLE_REVIEWED
80	PARTE II — O CINTURÃO DAS FRESTAS	Geografia da Escuridão — Cidades e enclaves	Geografia da Escuridão — Cidades e enclaves	narrative	default	GEOGRAPHY_FLOW	199	NO	0	PASS	1984	2002	PENDING_FULL_VISUAL_REVIEW
81	PARTE II — O CINTURÃO DAS FRESTAS	Distribuição dos Povos	Distribuição dos Povos	chapter_opening	image-top	IMAGE_TOP	107	YES	1	PASS	2004	2018	SAMPLE_REVIEWED
82	PARTE II — O CINTURÃO DAS FRESTAS	Distribuição dos Povos	Distribuição dos Povos	narrative	default	GEOGRAPHY_FLOW	112	NO	1	PASS	2008	2022	PENDING_FULL_VISUAL_REVIEW
83	PARTE II — O CINTURÃO DAS FRESTAS	Tensões Regionais: Aelvari, Kragor, Draken e Nomos	Tensões Regionais: Aelvari, Kragor, Draken e Nomos	chapter_opening	image-top	IMAGE_TOP	156	YES	0	PASS	2024	2032	SAMPLE_REVIEWED
84	PARTE II — O CINTURÃO DAS FRESTAS	Tensões Regionais: Aelvari, Kragor, Draken e Nomos	Tensões Regionais: Aelvari, Kragor, Draken e Nomos	narrative	default	TEXT_FEATURE	41	YES	0	PASS	2032	2032	SAMPLE_REVIEWED
85	PARTE II — O CINTURÃO DAS FRESTAS	Tensões Regionais: Livres, Dóreos, Teriantes, Nimari e Vitrálios	Tensões Regionais: Livres, Dóreos, Teriantes, Nimari e Vitrálios	narrative	default	GEOGRAPHY_FLOW	191	NO	0	PASS	2034	2046	PENDING_FULL_VISUAL_REVIEW
86	PARTE II — O CINTURÃO DAS FRESTAS	Rotas Oficiais	Rotas Oficiais	map_page	default	MAP_PAGE	126	YES	0	PASS	2048	2056	SAMPLE_REVIEWED
87	PARTE II — O CINTURÃO DAS FRESTAS	Rotas Oficiais	Rotas Oficiais	narrative	default	GEOGRAPHY_FLOW	149	NO	0	PASS	2056	2060	PENDING_FULL_VISUAL_REVIEW
88	PARTE II — O CINTURÃO DAS FRESTAS	Rotas Clandestinas e Comércio	Rotas Clandestinas e Comércio	map_page	default	MAP_PAGE	122	YES	0	PASS	2062	2068	SAMPLE_REVIEWED
89	PARTE II — O CINTURÃO DAS FRESTAS	Rotas Clandestinas e Comércio	Rotas Clandestinas e Comércio	narrative	default	GEOGRAPHY_FLOW	335	NO	0	PASS	2068	2084	PENDING_FULL_VISUAL_REVIEW
90	PARTE II — O CINTURÃO DAS FRESTAS	As Outras Forças do Cinturão	As Outras Forças do Cinturão	narrative	default	GEOGRAPHY_FLOW	155	NO	0	PASS	2086	2092	PENDING_FULL_VISUAL_REVIEW
91	PARTE II — O CINTURÃO DAS FRESTAS	O Estado Político Atual	O Estado Político Atual	chapter_opening	image-top	GEOGRAPHY_OPENING	211	YES	0	PASS	2094	2110	SAMPLE_REVIEWED
92	PARTE II — O CINTURÃO DAS FRESTAS	O Estado Político Atual	O Estado Político Atual	narrative	default	GEOGRAPHY_FLOW	225	YES	0	PASS	2112	2128	SAMPLE_REVIEWED
93	PARTE II — O CINTURÃO DAS FRESTAS	O que está prestes a acontecer	O que está prestes a acontecer	narrative	default	GEOGRAPHY_FLOW	375	NO	0	PASS	2130	2154	PENDING_FULL_VISUAL_REVIEW
94	PARTE III — POVOS, OFÍCIOS E COMUNIDADES VIVAS	PARTE III — POVOS, OFÍCIOS E COMUNIDADES VIVAS	PARTE III — POVOS, OFÍCIOS E COMUNIDADES VIVAS	part_opening	default	PART_HERO	39	NO	0	PASS	2156	2158	PENDING_FULL_VISUAL_REVIEW
95	PARTE III — POVOS, OFÍCIOS E COMUNIDADES VIVAS	PREÂMBULO — O NOME E O CAMINHO	PREÂMBULO — O NOME E O CAMINHO	narrative	default	CULTURE_FLOW	324	NO	0	PASS	2160	2190	PENDING_FULL_VISUAL_REVIEW
96	PARTE III — POVOS, OFÍCIOS E COMUNIDADES VIVAS	MOVIMENTO A — POVOS	MOVIMENTO A — POVOS	narrative	default	CULTURE_FLOW	128	NO	0	PASS	2192	2210	PENDING_FULL_VISUAL_REVIEW
97	PARTE III — POVOS, OFÍCIOS E COMUNIDADES VIVAS	MOVIMENTO A — POVOS	MOVIMENTO A — POVOS	narrative	default	CULTURE_FLOW	114	NO	1	PASS	2212	2224	PENDING_FULL_VISUAL_REVIEW
98	PARTE III — POVOS, OFÍCIOS E COMUNIDADES VIVAS	MOVIMENTO A — POVOS	MOVIMENTO A — POVOS	chapter_opening	quadrant-image	POVO_OPENING	270	YES	0	PASS	2226	2238	SAMPLE_REVIEWED
99	PARTE III — POVOS, OFÍCIOS E COMUNIDADES VIVAS	MOVIMENTO A — POVOS	MOVIMENTO A — POVOS	narrative	default	CULTURE_FLOW	326	NO	0	PASS	2238	2260	PENDING_FULL_VISUAL_REVIEW
100	PARTE III — POVOS, OFÍCIOS E COMUNIDADES VIVAS	MOVIMENTO A — POVOS	MOVIMENTO A — POVOS	narrative	default	CULTURE_FLOW	214	NO	0	PASS	2262	2300	PENDING_FULL_VISUAL_REVIEW
101	PARTE III — POVOS, OFÍCIOS E COMUNIDADES VIVAS	MOVIMENTO A — POVOS	MOVIMENTO A — POVOS	chapter_opening	quadrant-image	POVO_OPENING	244	YES	0	PASS	2302	2316	SAMPLE_REVIEWED
102	PARTE III — POVOS, OFÍCIOS E COMUNIDADES VIVAS	MOVIMENTO A — POVOS	MOVIMENTO A — POVOS	narrative	default	CULTURE_FLOW	395	NO	0	PASS	2316	2328	PENDING_FULL_VISUAL_REVIEW
103	PARTE III — POVOS, OFÍCIOS E COMUNIDADES VIVAS	MOVIMENTO A — POVOS	MOVIMENTO A — POVOS	narrative	default	CULTURE_FLOW	301	NO	0	PASS	2330	2361	PENDING_FULL_VISUAL_REVIEW
104	PARTE III — POVOS, OFÍCIOS E COMUNIDADES VIVAS	MOVIMENTO A — POVOS	MOVIMENTO A — POVOS	narrative	default	CULTURE_FLOW	146	NO	0	PASS	2366	2386	PENDING_FULL_VISUAL_REVIEW
105	PARTE III — POVOS, OFÍCIOS E COMUNIDADES VIVAS	MOVIMENTO A — POVOS	MOVIMENTO A — POVOS	chapter_opening	quadrant-image	POVO_OPENING	269	YES	0	PASS	2388	2400	SAMPLE_REVIEWED
106	PARTE III — POVOS, OFÍCIOS E COMUNIDADES VIVAS	MOVIMENTO A — POVOS	MOVIMENTO A — POVOS	narrative	default	CULTURE_FLOW	309	NO	0	PASS	2402	2428	PENDING_FULL_VISUAL_REVIEW
107	PARTE III — POVOS, OFÍCIOS E COMUNIDADES VIVAS	MOVIMENTO A — POVOS	MOVIMENTO A — POVOS	narrative	default	CULTURE_FLOW	180	NO	0	PASS	2430	2460	PENDING_FULL_VISUAL_REVIEW
108	PARTE III — POVOS, OFÍCIOS E COMUNIDADES VIVAS	MOVIMENTO A — POVOS	MOVIMENTO A — POVOS	chapter_opening	quadrant-image	POVO_OPENING	272	YES	0	PASS	2462	2478	SAMPLE_REVIEWED
109	PARTE III — POVOS, OFÍCIOS E COMUNIDADES VIVAS	MOVIMENTO A — POVOS	MOVIMENTO A — POVOS	narrative	default	CULTURE_FLOW	421	NO	0	PASS	2478	2490	PENDING_FULL_VISUAL_REVIEW
110	PARTE III — POVOS, OFÍCIOS E COMUNIDADES VIVAS	MOVIMENTO A — POVOS	MOVIMENTO A — POVOS	narrative	default	CULTURE_FLOW	326	NO	0	PASS	2492	2521	PENDING_FULL_VISUAL_REVIEW
111	PARTE III — POVOS, OFÍCIOS E COMUNIDADES VIVAS	MOVIMENTO A — POVOS	MOVIMENTO A — POVOS	narrative	default	CULTURE_FLOW	234	NO	0	PASS	2526	2555	PENDING_FULL_VISUAL_REVIEW
112	PARTE III — POVOS, OFÍCIOS E COMUNIDADES VIVAS	MOVIMENTO A — POVOS	MOVIMENTO A — POVOS	chapter_opening	quadrant-image	POVO_OPENING	235	YES	0	PASS	2557	2569	SAMPLE_REVIEWED
113	PARTE III — POVOS, OFÍCIOS E COMUNIDADES VIVAS	MOVIMENTO A — POVOS	MOVIMENTO A — POVOS	narrative	default	CULTURE_FLOW	307	NO	0	PASS	2571	2600	PENDING_FULL_VISUAL_REVIEW
114	PARTE III — POVOS, OFÍCIOS E COMUNIDADES VIVAS	MOVIMENTO A — POVOS	MOVIMENTO A — POVOS	narrative	default	CULTURE_FLOW	130	NO	0	PASS	2605	2627	PENDING_FULL_VISUAL_REVIEW
115	PARTE III — POVOS, OFÍCIOS E COMUNIDADES VIVAS	MOVIMENTO A — POVOS	MOVIMENTO A — POVOS	chapter_opening	quadrant-image	POVO_OPENING	229	YES	0	PASS	2629	2641	SAMPLE_REVIEWED
116	PARTE III — POVOS, OFÍCIOS E COMUNIDADES VIVAS	MOVIMENTO A — POVOS	MOVIMENTO A — POVOS	narrative	default	CULTURE_FLOW	359	NO	0	PASS	2643	2669	PENDING_FULL_VISUAL_REVIEW
117	PARTE III — POVOS, OFÍCIOS E COMUNIDADES VIVAS	MOVIMENTO A — POVOS	MOVIMENTO A — POVOS	narrative	default	CULTURE_FLOW	210	NO	0	PASS	2669	2703	PENDING_FULL_VISUAL_REVIEW
118	PARTE III — POVOS, OFÍCIOS E COMUNIDADES VIVAS	MOVIMENTO A — POVOS	MOVIMENTO A — POVOS	chapter_opening	quadrant-image	POVO_OPENING	257	YES	0	PASS	2705	2717	SAMPLE_REVIEWED
119	PARTE III — POVOS, OFÍCIOS E COMUNIDADES VIVAS	MOVIMENTO A — POVOS	MOVIMENTO A — POVOS	narrative	default	CULTURE_FLOW	304	NO	0	PASS	2719	2748	PENDING_FULL_VISUAL_REVIEW
120	PARTE III — POVOS, OFÍCIOS E COMUNIDADES VIVAS	MOVIMENTO A — POVOS	MOVIMENTO A — POVOS	narrative	default	CULTURE_FLOW	171	NO	0	PASS	2753	2777	PENDING_FULL_VISUAL_REVIEW
121	PARTE III — POVOS, OFÍCIOS E COMUNIDADES VIVAS	MOVIMENTO A — POVOS	MOVIMENTO A — POVOS	chapter_opening	quadrant-image	POVO_OPENING	261	YES	0	PASS	2779	2791	SAMPLE_REVIEWED
122	PARTE III — POVOS, OFÍCIOS E COMUNIDADES VIVAS	MOVIMENTO A — POVOS	MOVIMENTO A — POVOS	narrative	default	CULTURE_FLOW	395	NO	0	PASS	2791	2813	PENDING_FULL_VISUAL_REVIEW
123	PARTE III — POVOS, OFÍCIOS E COMUNIDADES VIVAS	MOVIMENTO A — POVOS	MOVIMENTO A — POVOS	narrative	default	CULTURE_FLOW	290	NO	0	PASS	2815	2860	PENDING_FULL_VISUAL_REVIEW
124	PARTE III — POVOS, OFÍCIOS E COMUNIDADES VIVAS	MOVIMENTO A — POVOS	MOVIMENTO A — POVOS	narrative	default	CULTURE_FLOW	22	NO	0	PASS	2862	2864	PENDING_FULL_VISUAL_REVIEW
125	PARTE III — POVOS, OFÍCIOS E COMUNIDADES VIVAS	MOVIMENTO A — POVOS	MOVIMENTO A — POVOS	chapter_opening	quadrant-image	POVO_OPENING	250	YES	0	PASS	2866	2880	SAMPLE_REVIEWED
126	PARTE III — POVOS, OFÍCIOS E COMUNIDADES VIVAS	MOVIMENTO A — POVOS	MOVIMENTO A — POVOS	narrative	default	CULTURE_FLOW	303	NO	0	PASS	2880	2913	PENDING_FULL_VISUAL_REVIEW
127	PARTE III — POVOS, OFÍCIOS E COMUNIDADES VIVAS	MOVIMENTO A — POVOS	MOVIMENTO A — POVOS	narrative	default	CULTURE_FLOW	321	NO	0	PASS	2918	2947	PENDING_FULL_VISUAL_REVIEW
128	PARTE III — POVOS, OFÍCIOS E COMUNIDADES VIVAS	MOVIMENTO A — POVOS	MOVIMENTO A — POVOS	narrative	default	CULTURE_FLOW	98	YES	0	PASS	2949	2963	SAMPLE_REVIEWED
129	PARTE III — POVOS, OFÍCIOS E COMUNIDADES VIVAS	MOVIMENTO B — OFÍCIOS	MOVIMENTO B — OFÍCIOS	chapter_opening	quadrant-image	OFICIO_CULTURAL_OPENING	228	YES	0	PASS	2963	2977	SAMPLE_REVIEWED
130	PARTE III — POVOS, OFÍCIOS E COMUNIDADES VIVAS	MOVIMENTO B — OFÍCIOS	MOVIMENTO B — OFÍCIOS	narrative	default	CULTURE_FLOW	38	NO	0	PASS	2979	2981	PENDING_FULL_VISUAL_REVIEW
131	PARTE III — POVOS, OFÍCIOS E COMUNIDADES VIVAS	MOVIMENTO B — OFÍCIOS	MOVIMENTO B — OFÍCIOS	narrative	default	CULTURE_FLOW	229	NO	1	PASS	2984	3008	PENDING_FULL_VISUAL_REVIEW
132	PARTE III — POVOS, OFÍCIOS E COMUNIDADES VIVAS	MOVIMENTO B — OFÍCIOS	MOVIMENTO B — OFÍCIOS	narrative	default	CULTURE_FLOW	211	NO	1	PASS	3010	3031	PENDING_FULL_VISUAL_REVIEW
133	PARTE III — POVOS, OFÍCIOS E COMUNIDADES VIVAS	MOVIMENTO B — OFÍCIOS	MOVIMENTO B — OFÍCIOS	narrative	default	CULTURE_FLOW	229	NO	1	PASS	3039	3062	PENDING_FULL_VISUAL_REVIEW
134	PARTE III — POVOS, OFÍCIOS E COMUNIDADES VIVAS	MOVIMENTO B — OFÍCIOS	MOVIMENTO B — OFÍCIOS	chapter_opening	quadrant-image	OFICIO_CULTURAL_OPENING	283	YES	0	PASS	3064	3078	SAMPLE_REVIEWED
135	PARTE III — POVOS, OFÍCIOS E COMUNIDADES VIVAS	MOVIMENTO B — OFÍCIOS	MOVIMENTO B — OFÍCIOS	narrative	default	CULTURE_FLOW	254	NO	0	PASS	3078	3108	PENDING_FULL_VISUAL_REVIEW
136	PARTE III — POVOS, OFÍCIOS E COMUNIDADES VIVAS	MOVIMENTO B — OFÍCIOS	MOVIMENTO B — OFÍCIOS	narrative	default	CULTURE_FLOW	241	NO	1	PASS	3112	3129	PENDING_FULL_VISUAL_REVIEW
137	PARTE III — POVOS, OFÍCIOS E COMUNIDADES VIVAS	MOVIMENTO B — OFÍCIOS	MOVIMENTO B — OFÍCIOS	chapter_opening	quadrant-image	OFICIO_CULTURAL_OPENING	257	YES	0	PASS	3131	3145	SAMPLE_REVIEWED
138	PARTE III — POVOS, OFÍCIOS E COMUNIDADES VIVAS	MOVIMENTO B — OFÍCIOS	MOVIMENTO B — OFÍCIOS	narrative	default	CULTURE_FLOW	302	NO	0	PASS	3145	3181	PENDING_FULL_VISUAL_REVIEW
139	PARTE III — POVOS, OFÍCIOS E COMUNIDADES VIVAS	MOVIMENTO B — OFÍCIOS	MOVIMENTO B — OFÍCIOS	narrative	default	CULTURE_FLOW	178	NO	1	PASS	3183	3196	PENDING_FULL_VISUAL_REVIEW
140	PARTE III — POVOS, OFÍCIOS E COMUNIDADES VIVAS	MOVIMENTO B — OFÍCIOS	MOVIMENTO B — OFÍCIOS	chapter_opening	quadrant-image	OFICIO_CULTURAL_OPENING	265	YES	0	PASS	3198	3212	SAMPLE_REVIEWED
141	PARTE III — POVOS, OFÍCIOS E COMUNIDADES VIVAS	MOVIMENTO B — OFÍCIOS	MOVIMENTO B — OFÍCIOS	narrative	default	CULTURE_FLOW	275	NO	0	PASS	3212	3246	PENDING_FULL_VISUAL_REVIEW
142	PARTE III — POVOS, OFÍCIOS E COMUNIDADES VIVAS	MOVIMENTO B — OFÍCIOS	MOVIMENTO B — OFÍCIOS	narrative	default	CULTURE_FLOW	202	NO	1	PASS	3248	3261	PENDING_FULL_VISUAL_REVIEW
143	PARTE III — POVOS, OFÍCIOS E COMUNIDADES VIVAS	MOVIMENTO B — OFÍCIOS	MOVIMENTO B — OFÍCIOS	chapter_opening	quadrant-image	OFICIO_CULTURAL_OPENING	267	YES	0	PASS	3263	3277	SAMPLE_REVIEWED
144	PARTE III — POVOS, OFÍCIOS E COMUNIDADES VIVAS	MOVIMENTO B — OFÍCIOS	MOVIMENTO B — OFÍCIOS	narrative	default	CULTURE_FLOW	248	NO	0	PASS	3279	3315	PENDING_FULL_VISUAL_REVIEW
145	PARTE III — POVOS, OFÍCIOS E COMUNIDADES VIVAS	MOVIMENTO B — OFÍCIOS	MOVIMENTO B — OFÍCIOS	narrative	default	CULTURE_FLOW	181	NO	1	PASS	3317	3326	PENDING_FULL_VISUAL_REVIEW
146	PARTE III — POVOS, OFÍCIOS E COMUNIDADES VIVAS	MOVIMENTO B — OFÍCIOS	MOVIMENTO B — OFÍCIOS	chapter_opening	quadrant-image	OFICIO_CULTURAL_OPENING	264	YES	0	PASS	3328	3342	SAMPLE_REVIEWED
147	PARTE III — POVOS, OFÍCIOS E COMUNIDADES VIVAS	MOVIMENTO B — OFÍCIOS	MOVIMENTO B — OFÍCIOS	narrative	default	CULTURE_FLOW	256	NO	0	PASS	3342	3380	PENDING_FULL_VISUAL_REVIEW
148	PARTE III — POVOS, OFÍCIOS E COMUNIDADES VIVAS	MOVIMENTO B — OFÍCIOS	MOVIMENTO B — OFÍCIOS	narrative	default	CULTURE_FLOW	126	NO	0	PASS	3382	3404	PENDING_FULL_VISUAL_REVIEW
149	PARTE III — POVOS, OFÍCIOS E COMUNIDADES VIVAS	MOVIMENTO B — OFÍCIOS	MOVIMENTO B — OFÍCIOS	narrative	default	CULTURE_FLOW	163	NO	1	PASS	3406	3415	PENDING_FULL_VISUAL_REVIEW
150	PARTE III — POVOS, OFÍCIOS E COMUNIDADES VIVAS	MOVIMENTO B — OFÍCIOS	MOVIMENTO B — OFÍCIOS	chapter_opening	quadrant-image	OFICIO_CULTURAL_OPENING	243	YES	0	PASS	3417	3431	SAMPLE_REVIEWED
151	PARTE III — POVOS, OFÍCIOS E COMUNIDADES VIVAS	MOVIMENTO B — OFÍCIOS	MOVIMENTO B — OFÍCIOS	narrative	default	CULTURE_FLOW	249	NO	0	PASS	3433	3471	PENDING_FULL_VISUAL_REVIEW
152	PARTE III — POVOS, OFÍCIOS E COMUNIDADES VIVAS	MOVIMENTO B — OFÍCIOS	MOVIMENTO B — OFÍCIOS	narrative	default	CULTURE_FLOW	161	NO	1	PASS	3473	3482	PENDING_FULL_VISUAL_REVIEW
153	PARTE III — POVOS, OFÍCIOS E COMUNIDADES VIVAS	MOVIMENTO B — OFÍCIOS	MOVIMENTO B — OFÍCIOS	chapter_opening	quadrant-image	OFICIO_CULTURAL_OPENING	248	YES	0	PASS	3484	3498	SAMPLE_REVIEWED
154	PARTE III — POVOS, OFÍCIOS E COMUNIDADES VIVAS	MOVIMENTO B — OFÍCIOS	MOVIMENTO B — OFÍCIOS	narrative	default	CULTURE_FLOW	288	NO	0	PASS	3498	3535	PENDING_FULL_VISUAL_REVIEW
155	PARTE III — POVOS, OFÍCIOS E COMUNIDADES VIVAS	MOVIMENTO B — OFÍCIOS	MOVIMENTO B — OFÍCIOS	narrative	default	CULTURE_FLOW	182	NO	1	PASS	3537	3550	PENDING_FULL_VISUAL_REVIEW
156	PARTE III — POVOS, OFÍCIOS E COMUNIDADES VIVAS	MOVIMENTO B — OFÍCIOS	MOVIMENTO B — OFÍCIOS	chapter_opening	quadrant-image	OFICIO_CULTURAL_OPENING	248	YES	0	PASS	3552	3566	SAMPLE_REVIEWED
157	PARTE III — POVOS, OFÍCIOS E COMUNIDADES VIVAS	MOVIMENTO B — OFÍCIOS	MOVIMENTO B — OFÍCIOS	narrative	default	CULTURE_FLOW	277	NO	0	PASS	3568	3604	PENDING_FULL_VISUAL_REVIEW
158	PARTE III — POVOS, OFÍCIOS E COMUNIDADES VIVAS	MOVIMENTO B — OFÍCIOS	MOVIMENTO B — OFÍCIOS	narrative	default	CULTURE_FLOW	173	NO	1	PASS	3606	3615	PENDING_FULL_VISUAL_REVIEW
159	PARTE III — POVOS, OFÍCIOS E COMUNIDADES VIVAS	MOVIMENTO B — OFÍCIOS	MOVIMENTO B — OFÍCIOS	narrative	default	CULTURE_FLOW	150	YES	0	PASS	3617	3641	SAMPLE_REVIEWED
160	PARTE III — POVOS, OFÍCIOS E COMUNIDADES VIVAS	MOVIMENTO B — OFÍCIOS	MOVIMENTO B — OFÍCIOS	narrative	default	CULTURE_FLOW	120	YES	0	PASS	3643	3675	SAMPLE_REVIEWED
161	PARTE III — POVOS, OFÍCIOS E COMUNIDADES VIVAS	MOVIMENTO B — OFÍCIOS	Pedr’alma	chapter_opening	image-side	SIDE_ART_RIGHT	174	YES	0	PASS	3667	3697	SAMPLE_REVIEWED
162	PARTE III — POVOS, OFÍCIOS E COMUNIDADES VIVAS	MOVIMENTO C — COMUNIDADES VIVAS	Lar · Cidade · Companhia	chapter_opening	image-side	SIDE_ART_RIGHT	207	YES	0	PASS	3699	3717	SAMPLE_REVIEWED
163	PARTE III — POVOS, OFÍCIOS E COMUNIDADES VIVAS	MOVIMENTO C — COMUNIDADES VIVAS	MOVIMENTO C — COMUNIDADES VIVAS	narrative	default	CULTURE_FLOW	26	NO	0	PASS	3719	3723	PENDING_FULL_VISUAL_REVIEW
164	PARTE III — POVOS, OFÍCIOS E COMUNIDADES VIVAS	MOVIMENTO C — COMUNIDADES VIVAS	MOVIMENTO C — COMUNIDADES VIVAS	chapter_opening	image-top	PEDRALMA_OPENING	97	YES	0	PASS	3725	3757	SAMPLE_REVIEWED
165	PARTE III — POVOS, OFÍCIOS E COMUNIDADES VIVAS	MOVIMENTO C — COMUNIDADES VIVAS	MOVIMENTO C — COMUNIDADES VIVAS	narrative	default	CULTURE_FLOW	97	YES	0	PASS	3759	3791	SAMPLE_REVIEWED
166	PARTE III — POVOS, OFÍCIOS E COMUNIDADES VIVAS	MOVIMENTO C — COMUNIDADES VIVAS	MOVIMENTO C — COMUNIDADES VIVAS	narrative	default	CULTURE_FLOW	217	NO	0	PASS	3793	3813	PENDING_FULL_VISUAL_REVIEW
167	PARTE III — POVOS, OFÍCIOS E COMUNIDADES VIVAS	MOVIMENTO C — COMUNIDADES VIVAS	MOVIMENTO C — COMUNIDADES VIVAS	chapter_opening	image-top	PEDRALMA_OPENING	169	NO	0	PASS	3815	3853	PENDING_FULL_VISUAL_REVIEW
168	PARTE III — POVOS, OFÍCIOS E COMUNIDADES VIVAS	MOVIMENTO C — COMUNIDADES VIVAS	Pedr’almas de companhia	chapter_opening	image-top	IMAGE_TOP	86	YES	0	PASS	3855	3885	SAMPLE_REVIEWED
169	PARTE III — POVOS, OFÍCIOS E COMUNIDADES VIVAS	MOVIMENTO C — COMUNIDADES VIVAS	MOVIMENTO C — COMUNIDADES VIVAS	narrative	default	CULTURE_FLOW	135	YES	0	PASS	3887	3939	SAMPLE_REVIEWED
170	PARTE III — POVOS, OFÍCIOS E COMUNIDADES VIVAS	MOVIMENTO C — COMUNIDADES VIVAS	MOVIMENTO C — COMUNIDADES VIVAS	narrative	default	CULTURE_FLOW	157	NO	0	PASS	3941	3989	PENDING_FULL_VISUAL_REVIEW
171	PARTE III — POVOS, OFÍCIOS E COMUNIDADES VIVAS	MOVIMENTO C — COMUNIDADES VIVAS	MOVIMENTO C — COMUNIDADES VIVAS	narrative	default	CULTURE_FLOW	212	NO	0	PASS	3991	4037	PENDING_FULL_VISUAL_REVIEW
172	PARTE III — POVOS, OFÍCIOS E COMUNIDADES VIVAS	MOVIMENTO C — COMUNIDADES VIVAS	MOVIMENTO C — COMUNIDADES VIVAS	narrative	default	CULTURE_FLOW	194	NO	0	PASS	4039	4085	PENDING_FULL_VISUAL_REVIEW
173	PARTE III — POVOS, OFÍCIOS E COMUNIDADES VIVAS	MOVIMENTO C — COMUNIDADES VIVAS	MOVIMENTO C — COMUNIDADES VIVAS	narrative	default	CULTURE_FLOW	265	NO	0	PASS	4081	4125	PENDING_FULL_VISUAL_REVIEW
174	PARTE III — POVOS, OFÍCIOS E COMUNIDADES VIVAS	MOVIMENTO C — COMUNIDADES VIVAS	MOVIMENTO C — COMUNIDADES VIVAS	narrative	default	CULTURE_FLOW	177	NO	0	PASS	4125	4161	PENDING_FULL_VISUAL_REVIEW
175	PARTE III — POVOS, OFÍCIOS E COMUNIDADES VIVAS	MOVIMENTO C — COMUNIDADES VIVAS	MOVIMENTO C — COMUNIDADES VIVAS	narrative	default	CULTURE_FLOW	324	NO	0	PASS	4163	4191	PENDING_FULL_VISUAL_REVIEW
176	PARTE III — POVOS, OFÍCIOS E COMUNIDADES VIVAS	MOVIMENTO C — COMUNIDADES VIVAS	MOVIMENTO C — COMUNIDADES VIVAS	narrative	default	CULTURE_FLOW	437	NO	0	PASS	4191	4209	PENDING_FULL_VISUAL_REVIEW
177	PARTE III — POVOS, OFÍCIOS E COMUNIDADES VIVAS	MOVIMENTO C — COMUNIDADES VIVAS	MOVIMENTO C — COMUNIDADES VIVAS	narrative	default	CULTURE_FLOW	411	NO	0	PASS	4211	4237	PENDING_FULL_VISUAL_REVIEW
178	PARTE III — POVOS, OFÍCIOS E COMUNIDADES VIVAS	MOVIMENTO C — COMUNIDADES VIVAS	MOVIMENTO C — COMUNIDADES VIVAS	narrative	default	CULTURE_FLOW	394	NO	0	PASS	4237	4253	PENDING_FULL_VISUAL_REVIEW
179	PARTE III — POVOS, OFÍCIOS E COMUNIDADES VIVAS	MOVIMENTO C — COMUNIDADES VIVAS	MOVIMENTO C — COMUNIDADES VIVAS	narrative	default	CULTURE_FLOW	446	NO	0	PASS	4255	4269	PENDING_FULL_VISUAL_REVIEW
180	PARTE III — POVOS, OFÍCIOS E COMUNIDADES VIVAS	MOVIMENTO C — COMUNIDADES VIVAS	Kelvhen, Yssaneth e Vhurrak	chapter_opening	image-top	IMAGE_TOP	241	YES	0	PASS	4271	4279	SAMPLE_REVIEWED
181	PARTE III — POVOS, OFÍCIOS E COMUNIDADES VIVAS	MOVIMENTO C — COMUNIDADES VIVAS	MOVIMENTO C — COMUNIDADES VIVAS	narrative	default	CULTURE_FLOW	373	NO	0	PASS	4279	4295	PENDING_FULL_VISUAL_REVIEW
182	PARTE III — POVOS, OFÍCIOS E COMUNIDADES VIVAS	MOVIMENTO C — COMUNIDADES VIVAS	MOVIMENTO C — COMUNIDADES VIVAS	narrative	default	CULTURE_FLOW	388	NO	0	PASS	4297	4315	PENDING_FULL_VISUAL_REVIEW
183	PARTE III — POVOS, OFÍCIOS E COMUNIDADES VIVAS	MOVIMENTO C — COMUNIDADES VIVAS	MOVIMENTO C — COMUNIDADES VIVAS	narrative	default	CULTURE_FLOW	411	NO	0	PASS	4317	4331	PENDING_FULL_VISUAL_REVIEW
184	PARTE III — POVOS, OFÍCIOS E COMUNIDADES VIVAS	MOVIMENTO C — COMUNIDADES VIVAS	MOVIMENTO C — COMUNIDADES VIVAS	narrative	default	CULTURE_FLOW	342	NO	0	PASS	4331	4343	PENDING_FULL_VISUAL_REVIEW
185	PARTE III — POVOS, OFÍCIOS E COMUNIDADES VIVAS	MOVIMENTO C — COMUNIDADES VIVAS	MOVIMENTO C — COMUNIDADES VIVAS	narrative	default	CULTURE_FLOW	415	NO	0	PASS	4345	4359	PENDING_FULL_VISUAL_REVIEW
186	PARTE III — POVOS, OFÍCIOS E COMUNIDADES VIVAS	MOVIMENTO C — COMUNIDADES VIVAS	MOVIMENTO C — COMUNIDADES VIVAS	narrative	default	CULTURE_FLOW	272	YES	0	PASS	4361	4371	SAMPLE_REVIEWED
187	PARTE III — POVOS, OFÍCIOS E COMUNIDADES VIVAS	MOVIMENTO C — COMUNIDADES VIVAS	MOVIMENTO C — COMUNIDADES VIVAS	narrative	default	CULTURE_FLOW	400	NO	0	PASS	4371	4387	PENDING_FULL_VISUAL_REVIEW
188	PARTE III — POVOS, OFÍCIOS E COMUNIDADES VIVAS	MOVIMENTO C — COMUNIDADES VIVAS	MOVIMENTO C — COMUNIDADES VIVAS	narrative	default	CULTURE_FLOW	270	NO	0	PASS	4389	4399	PENDING_FULL_VISUAL_REVIEW
189	PARTE III — POVOS, OFÍCIOS E COMUNIDADES VIVAS	MOVIMENTO C — COMUNIDADES VIVAS	MOVIMENTO C — COMUNIDADES VIVAS	chapter_opening	image-top	FINAL_CLOSURE	224	NO	0	PASS	4401	4413	PENDING_FULL_VISUAL_REVIEW
190	PARTE IV — VELARIM	PARTE IV — VELARIM	PARTE IV — VELARIM	part_opening	default	PART_HERO	188	NO	0	PASS	4415	4423	PENDING_FULL_VISUAL_REVIEW
191	PARTE IV — VELARIM	Som, ortografia e pronúncia	Som, ortografia e pronúncia	narrative	default	TEXT_FLOW	66	YES	0	PASS	4424	4428	SAMPLE_REVIEWED
192	PARTE IV — VELARIM	Som, ortografia e pronúncia	Som, ortografia e pronúncia	narrative	default	TEXT_FLOW	105	NO	2	PASS	4430	4459	PENDING_FULL_VISUAL_REVIEW
193	PARTE IV — VELARIM	Som, ortografia e pronúncia	O QUE É VELARIM	chapter_opening	image-top	IMAGE_TOP	128	YES	0	PASS	4461	4471	SAMPLE_REVIEWED
194	PARTE IV — VELARIM	O QUE É VELARIM	O QUE É VELARIM	narrative	default	TEXT_FLOW	90	YES	1	PASS	4473	4486	SAMPLE_REVIEWED
195	PARTE IV — VELARIM	VELARIM EM DEZ REGRAS	VELARIM EM DEZ REGRAS	narrative	default	TEXT_FLOW	119	YES	0	PASS	4488	4518	SAMPLE_REVIEWED
196	PARTE IV — VELARIM	SOM E ESCRITA	SOM E ESCRITA	narrative	default	TEXT_FLOW	86	YES	1	PASS	4518	4536	SAMPLE_REVIEWED
197	PARTE IV — VELARIM	NOMES, PRONOMES E GRUPOS NOMINAIS	NOMES, PRONOMES E GRUPOS NOMINAIS	narrative	default	TEXT_FLOW	114	NO	1	PASS	4538	4564	PENDING_FULL_VISUAL_REVIEW
198	PARTE IV — VELARIM	RELAÇÕES E PREPOSIÇÕES	RELAÇÕES E PREPOSIÇÕES	narrative	default	TEXT_FLOW	94	NO	2	PASS	4566	4592	PENDING_FULL_VISUAL_REVIEW
199	PARTE IV — VELARIM	VERBOS, ASPECTO E MODALIDADE	VERBOS, ASPECTO E MODALIDADE	narrative	default	TEXT_FLOW	146	NO	3	PASS	4594	4625	PENDING_FULL_VISUAL_REVIEW
200	PARTE IV — VELARIM	AS TRÊS ORDENS	AS TRÊS ORDENS	narrative	default	TEXT_FLOW	93	NO	1	PASS	4625	4650	PENDING_FULL_VISUAL_REVIEW
201	PARTE IV — VELARIM	CONECTORES E FRASES COMPLEXAS	CONECTORES E FRASES COMPLEXAS	narrative	default	TEXT_FLOW	49	NO	1	PASS	4652	4668	PENDING_FULL_VISUAL_REVIEW
202	PARTE IV — VELARIM	MORFOLOGIA PRODUTIVA	MORFOLOGIA PRODUTIVA	narrative	default	TEXT_FLOW	131	NO	1	PASS	4670	4691	PENDING_FULL_VISUAL_REVIEW
203	PARTE IV — VELARIM	AGÊNCIA, CONSENTIMENTO E SOMBRA	AGÊNCIA, CONSENTIMENTO E SOMBRA	narrative	default	TEXT_FLOW	235	NO	0	PASS	4693	4725	PENDING_FULL_VISUAL_REVIEW
204	PARTE IV — VELARIM	DICIONÁRIO CONVERSACIONAL 2.0 — EXPANSÃO DE MESA	DICIONÁRIO CONVERSACIONAL 2.0 — EXPANSÃO DE MESA	narrative	default	TEXT_FLOW	59	NO	0	PASS	4727	4729	PENDING_FULL_VISUAL_REVIEW
205	PARTE IV — VELARIM	DICIONÁRIO CONVERSACIONAL 2.0 — EXPANSÃO DE MESA	DICIONÁRIO CONVERSACIONAL 2.0 — EXPANSÃO DE MESA	narrative	default	TEXT_FLOW	103	NO	1	PASS	4731	4769	PENDING_FULL_VISUAL_REVIEW
206	PARTE IV — VELARIM	DICIONÁRIO CONVERSACIONAL 2.0 — EXPANSÃO DE MESA	DICIONÁRIO CONVERSACIONAL 2.0 — EXPANSÃO DE MESA	narrative	default	TEXT_FLOW	65	NO	2	PASS	4733	4782	PENDING_FULL_VISUAL_REVIEW
207	PARTE IV — VELARIM	DICIONÁRIO CONVERSACIONAL 2.0 — EXPANSÃO DE MESA	DICIONÁRIO CONVERSACIONAL 2.0 — EXPANSÃO DE MESA	narrative	default	TEXT_FLOW	110	NO	1	PASS	4784	4842	PENDING_FULL_VISUAL_REVIEW
208	PARTE IV — VELARIM	DICIONÁRIO CONVERSACIONAL 2.0 — EXPANSÃO DE MESA	DICIONÁRIO CONVERSACIONAL 2.0 — EXPANSÃO DE MESA	narrative	default	TEXT_FLOW	116	NO	1	PASS	4786	4842	PENDING_FULL_VISUAL_REVIEW
209	PARTE IV — VELARIM	DICIONÁRIO CONVERSACIONAL 2.0 — EXPANSÃO DE MESA	DICIONÁRIO CONVERSACIONAL 2.0 — EXPANSÃO DE MESA	narrative	default	TEXT_FLOW	95	NO	2	PASS	4786	4860	PENDING_FULL_VISUAL_REVIEW
210	PARTE IV — VELARIM	DICIONÁRIO CONVERSACIONAL 2.0 — EXPANSÃO DE MESA	DICIONÁRIO CONVERSACIONAL 2.0 — EXPANSÃO DE MESA	narrative	default	TEXT_FLOW	121	NO	2	PASS	4862	4890	PENDING_FULL_VISUAL_REVIEW
211	PARTE IV — VELARIM	DICIONÁRIO CONVERSACIONAL 2.0 — EXPANSÃO DE MESA	DICIONÁRIO CONVERSACIONAL 2.0 — EXPANSÃO DE MESA	narrative	default	TEXT_FLOW	139	NO	1	PASS	4892	4917	PENDING_FULL_VISUAL_REVIEW
212	PARTE IV — VELARIM	DICIONÁRIO CONVERSACIONAL 2.0 — EXPANSÃO DE MESA	DICIONÁRIO CONVERSACIONAL 2.0 — EXPANSÃO DE MESA	narrative	default	TEXT_FLOW	93	NO	1	PASS	4919	4936	PENDING_FULL_VISUAL_REVIEW
213	PARTE IV — VELARIM	DICIONÁRIO CONVERSACIONAL 2.0 — EXPANSÃO DE MESA	DICIONÁRIO CONVERSACIONAL 2.0 — EXPANSÃO DE MESA	narrative	default	TEXT_FLOW	110	NO	1	PASS	4938	4971	PENDING_FULL_VISUAL_REVIEW
214	PARTE IV — VELARIM	DICIONÁRIO CONVERSACIONAL 2.0 — EXPANSÃO DE MESA	DICIONÁRIO CONVERSACIONAL 2.0 — EXPANSÃO DE MESA	narrative	default	TEXT_FLOW	63	NO	2	PASS	4940	4983	PENDING_FULL_VISUAL_REVIEW
215	PARTE IV — VELARIM	DICIONÁRIO CONVERSACIONAL 2.0 — EXPANSÃO DE MESA	DICIONÁRIO CONVERSACIONAL 2.0 — EXPANSÃO DE MESA	narrative	default	TEXT_FLOW	67	NO	1	PASS	4985	5008	PENDING_FULL_VISUAL_REVIEW
216	PARTE IV — VELARIM	FRASEÁRIO DE MESA	FRASEÁRIO DE MESA	narrative	default	TEXT_FLOW	185	NO	1	PASS	5010	5054	PENDING_FULL_VISUAL_REVIEW
217	PARTE IV — VELARIM	FRASEÁRIO DE MESA	FRASEÁRIO DE MESA	narrative	default	TEXT_FLOW	208	NO	1	PASS	5012	5068	PENDING_FULL_VISUAL_REVIEW
218	PARTE IV — VELARIM	DIÁLOGOS MODELO	DIÁLOGOS MODELO	narrative	default	TEXT_FLOW	118	NO	0	PASS	5068	5114	PENDING_FULL_VISUAL_REVIEW
219	PARTE IV — VELARIM	Pedr’alma no uso de Velarim	Pedr’alma no uso de Velarim	chapter_opening	image-top	IMAGE_TOP	172	NO	1	PASS	5116	5146	PENDING_FULL_VISUAL_REVIEW
220	PARTE IV — VELARIM	Pedr’alma e morfologia relacional	Pedr’alma e morfologia relacional	narrative	default	TEXT_FLOW	159	NO	0	PASS	5148	5198	PENDING_FULL_VISUAL_REVIEW
221	PARTE IV — VELARIM	Pertencimento e -ov	Pertencimento e -ov	narrative	default	TEXT_FLOW	143	NO	0	PASS	5200	5254	PENDING_FULL_VISUAL_REVIEW
222	PARTE IV — VELARIM	Pedr’alma e Ritual Comum	Pedr’alma e Ritual Comum	narrative	default	TEXT_FLOW	102	NO	0	PASS	5256	5314	PENDING_FULL_VISUAL_REVIEW
223	PARTE IV — VELARIM	A formulação nuclear	A formulação nuclear	narrative	default	TEXT_FLOW	156	NO	0	PASS	5316	5366	PENDING_FULL_VISUAL_REVIEW
224	PARTE IV — VELARIM	Regra específica para mira	Regra específica para mira	narrative	default	TEXT_FLOW	164	NO	1	PASS	5368	5406	PENDING_FULL_VISUAL_REVIEW
225	PARTE IV — VELARIM	Exemplos de interpretação válida	Exemplos de interpretação válida	narrative	default	TEXT_FLOW	174	NO	0	PASS	5408	5466	PENDING_FULL_VISUAL_REVIEW
226	PARTE IV — VELARIM	Exemplos de interpretação válida	Exemplos de interpretação válida	narrative	default	TEXT_FLOW	165	NO	0	PASS	5468	5522	PENDING_FULL_VISUAL_REVIEW
227	PARTE IV — VELARIM	Em resumo	Em resumo	narrative	default	TEXT_FLOW	167	NO	0	PASS	5516	5554	PENDING_FULL_VISUAL_REVIEW
228	PARTE IV — VELARIM	Fórmula relacional	Fórmula relacional	narrative	default	TEXT_FLOW	147	NO	0	PASS	5556	5570	PENDING_FULL_VISUAL_REVIEW
229	PARTE V — JOGANDO KALLISTIS	PARTE V — JOGANDO KALLISTIS	PARTE V — JOGANDO KALLISTIS	part_opening	default	PART_HERO	165	NO	0	PASS	5572	5579	PENDING_FULL_VISUAL_REVIEW
230	PARTE V — JOGANDO KALLISTIS	PRINCÍPIOS DO JOGO	PRINCÍPIOS DO JOGO	rules_2col	default	REFERENCE_TABLE	176	YES	0	PASS	5580	5649	SAMPLE_REVIEWED
231	PARTE V — JOGANDO KALLISTIS	O NÚCLEO DE RESOLUÇÃO	O NÚCLEO DE RESOLUÇÃO	rules_2col	default	REFERENCE_TABLE	238	YES	1	PASS	5656	5695	SAMPLE_REVIEWED
232	PARTE V — JOGANDO KALLISTIS	O NÚCLEO DE RESOLUÇÃO	O NÚCLEO DE RESOLUÇÃO	rules_2col	default	REFERENCE_TABLE	239	NO	2	PASS	5697	5743	PENDING_FULL_VISUAL_REVIEW
233	PARTE V — JOGANDO KALLISTIS	O NÚCLEO DE RESOLUÇÃO	O NÚCLEO DE RESOLUÇÃO	rules_2col	default	REFERENCE_TABLE	270	NO	1	PASS	5743	5774	PENDING_FULL_VISUAL_REVIEW
234	PARTE V — JOGANDO KALLISTIS	O NÚCLEO DE RESOLUÇÃO	O NÚCLEO DE RESOLUÇÃO	rules_2col	default	REFERENCE_TABLE	243	NO	1	PASS	5776	5805	PENDING_FULL_VISUAL_REVIEW
235	PARTE V — JOGANDO KALLISTIS	O NÚCLEO DE RESOLUÇÃO	O NÚCLEO DE RESOLUÇÃO	rules_2col	default	REFERENCE_TABLE	233	NO	2	PASS	5807	5866	PENDING_FULL_VISUAL_REVIEW
236	PARTE V — JOGANDO KALLISTIS	O NÚCLEO DE RESOLUÇÃO	O NÚCLEO DE RESOLUÇÃO	rules_2col	default	REFERENCE_TABLE	267	NO	1	PASS	5855	5894	PENDING_FULL_VISUAL_REVIEW
237	PARTE V — JOGANDO KALLISTIS	O NÚCLEO DE RESOLUÇÃO	O NÚCLEO DE RESOLUÇÃO	rules_2col	default	REFERENCE_TABLE	334	NO	0	PASS	5896	5941	PENDING_FULL_VISUAL_REVIEW
238	PARTE V — JOGANDO KALLISTIS	O NÚCLEO DE RESOLUÇÃO	O NÚCLEO DE RESOLUÇÃO	rules_2col	default	REFERENCE_TABLE	218	NO	3	PASS	5943	6005	PENDING_FULL_VISUAL_REVIEW
239	PARTE V — JOGANDO KALLISTIS	ATRIBUTOS, PERÍCIAS E RECURSOS	ATRIBUTOS, PERÍCIAS E RECURSOS	rules_2col	default	REFERENCE_TABLE	230	NO	2	PASS	5983	6045	PENDING_FULL_VISUAL_REVIEW
240	PARTE V — JOGANDO KALLISTIS	ATRIBUTOS, PERÍCIAS E RECURSOS	ATRIBUTOS, PERÍCIAS E RECURSOS	rules_2col	default	REFERENCE_TABLE	308	NO	0	PASS	6047	6106	PENDING_FULL_VISUAL_REVIEW
241	PARTE V — JOGANDO KALLISTIS	ATRIBUTOS, PERÍCIAS E RECURSOS	ATRIBUTOS, PERÍCIAS E RECURSOS	rules_2col	default	REFERENCE_TABLE	373	NO	0	PASS	6108	6142	PENDING_FULL_VISUAL_REVIEW
242	PARTE V — JOGANDO KALLISTIS	PAUSA SEGURA E DESCANSO COMPLETO	PAUSA SEGURA E DESCANSO COMPLETO	rules_2col	default	REFERENCE_TABLE	328	NO	0	PASS	6144	6203	PENDING_FULL_VISUAL_REVIEW
243	PARTE V — JOGANDO KALLISTIS	CRIAÇÃO DE PERSONAGEM	CRIAÇÃO DE PERSONAGEM	rules_2col	default	REFERENCE_TABLE	337	NO	0	PASS	6205	6272	PENDING_FULL_VISUAL_REVIEW
244	PARTE V — JOGANDO KALLISTIS	TÉCNICAS	TÉCNICAS	rules_2col	default	REFERENCE_TABLE	277	NO	2	PASS	6274	6337	PENDING_FULL_VISUAL_REVIEW
245	PARTE V — JOGANDO KALLISTIS	TÉCNICAS	TÉCNICAS	rules_2col	default	REFERENCE_TABLE	195	YES	1	PASS	6337	6382	SAMPLE_REVIEWED
246	PARTE V — JOGANDO KALLISTIS	MAGIAS	MAGIAS	rules_2col	default	REFERENCE_TABLE	223	NO	3	PASS	6371	6416	PENDING_FULL_VISUAL_REVIEW
247	PARTE V — JOGANDO KALLISTIS	MAGIAS	MAGIAS	rules_2col	default	REFERENCE_TABLE	223	NO	1	PASS	6418	6427	PENDING_FULL_VISUAL_REVIEW
248	PARTE V — JOGANDO KALLISTIS	MAGIAS	MAGIAS	rules_2col	default	REFERENCE_TABLE	206	NO	1	PASS	6429	6440	PENDING_FULL_VISUAL_REVIEW
249	PARTE V — JOGANDO KALLISTIS	MAGIAS	MAGIAS	rules_2col	default	REFERENCE_TABLE	224	NO	2	PASS	6431	6453	PENDING_FULL_VISUAL_REVIEW
250	PARTE V — JOGANDO KALLISTIS	MAGIAS	MAGIAS	rules_2col	default	REFERENCE_TABLE	200	NO	2	PASS	6444	6464	PENDING_FULL_VISUAL_REVIEW
251	PARTE V — JOGANDO KALLISTIS	MAGIAS	MAGIAS	rules_2col	default	REFERENCE_TABLE	193	NO	1	PASS	6457	6464	PENDING_FULL_VISUAL_REVIEW
252	PARTE V — JOGANDO KALLISTIS	MAGIAS	MAGIAS	rules_2col	default	REFERENCE_TABLE	347	NO	1	PASS	6457	6478	PENDING_FULL_VISUAL_REVIEW
253	PARTE V — JOGANDO KALLISTIS	MAGIAS	MAGIAS	rules_2col	default	REFERENCE_TABLE	302	YES	0	PASS	6480	6508	SAMPLE_REVIEWED
254	PARTE V — JOGANDO KALLISTIS	EVOCAÇÕES	EVOCAÇÕES	rules_2col	default	REFERENCE_TABLE	270	NO	1	PASS	6508	6535	PENDING_FULL_VISUAL_REVIEW
255	PARTE V — JOGANDO KALLISTIS	EVOCAÇÕES	EVOCAÇÕES	rules_2col	default	REFERENCE_TABLE	197	NO	2	PASS	6538	6557	PENDING_FULL_VISUAL_REVIEW
256	PARTE V — JOGANDO KALLISTIS	EVOCAÇÕES	EVOCAÇÕES	rules_2col	default	REFERENCE_TABLE	252	NO	3	PASS	6559	6581	PENDING_FULL_VISUAL_REVIEW
257	PARTE V — JOGANDO KALLISTIS	EVOCAÇÕES	EVOCAÇÕES	rules_2col	default	REFERENCE_TABLE	223	NO	3	PASS	6577	6597	PENDING_FULL_VISUAL_REVIEW
258	PARTE V — JOGANDO KALLISTIS	EVOCAÇÕES	EVOCAÇÕES	rules_2col	default	REFERENCE_TABLE	296	NO	0	PASS	6599	6661	PENDING_FULL_VISUAL_REVIEW
259	PARTE V — JOGANDO KALLISTIS	VELARIM EM JOGO	VELARIM EM JOGO	rules_2col	default	REFERENCE_TABLE	322	NO	0	PASS	6663	6702	PENDING_FULL_VISUAL_REVIEW
260	PARTE V — JOGANDO KALLISTIS	MERGE	MERGE	rules_2col	default	REFERENCE_TABLE	173	NO	0	PASS	6704	6738	PENDING_FULL_VISUAL_REVIEW
261	PARTE V — JOGANDO KALLISTIS	COMBATE E GRADE ORTOGONAL	COMBATE E GRADE ORTOGONAL	chapter_opening	image-top	IMAGE_TOP	112	YES	0	PASS	6740	6764	SAMPLE_REVIEWED
262	PARTE V — JOGANDO KALLISTIS	COMBATE E GRADE ORTOGONAL	Rodada	chapter_opening	image-top	IMAGE_TOP	90	YES	0	PASS	6760	6780	SAMPLE_REVIEWED
263	PARTE V — JOGANDO KALLISTIS	COMBATE E GRADE ORTOGONAL	Dano e potência	chapter_opening	image-top	IMAGE_TOP	97	NO	0	PASS	6783	6809	PENDING_FULL_VISUAL_REVIEW
264	PARTE V — JOGANDO KALLISTIS	COMBATE E GRADE ORTOGONAL	COMBATE E GRADE ORTOGONAL	chapter_opening	image-top	IMAGE_TOP	75	YES	0	PASS	6811	6841	SAMPLE_REVIEWED
265	PARTE V — JOGANDO KALLISTIS	COMBATE E GRADE ORTOGONAL	COMBATE E GRADE ORTOGONAL	rules_2col	default	REFERENCE_TABLE	394	NO	1	PASS	6843	6883	PENDING_FULL_VISUAL_REVIEW
266	PARTE V — JOGANDO KALLISTIS	CONDIÇÕES, QUEDA E MORTE	CONDIÇÕES, QUEDA E MORTE	rules_2col	default	REFERENCE_TABLE	202	NO	1	PASS	6885	6896	PENDING_FULL_VISUAL_REVIEW
267	PARTE V — JOGANDO KALLISTIS	CONDIÇÕES, QUEDA E MORTE	CONDIÇÕES, QUEDA E MORTE	rules_2col	default	REFERENCE_TABLE	342	NO	1	PASS	6885	6930	PENDING_FULL_VISUAL_REVIEW
268	PARTE V — JOGANDO KALLISTIS	CONDIÇÕES, QUEDA E MORTE	CONDIÇÕES, QUEDA E MORTE	rules_2col	default	REFERENCE_TABLE	336	NO	1	PASS	6932	6986	PENDING_FULL_VISUAL_REVIEW
269	PARTE V — JOGANDO KALLISTIS	RESSONÂNCIA COLETIVA	RESSONÂNCIA COLETIVA	rules_2col	default	REFERENCE_TABLE	378	NO	0	PASS	6988	7043	PENDING_FULL_VISUAL_REVIEW
270	PARTE V — JOGANDO KALLISTIS	RESSONÂNCIA COLETIVA	RESSONÂNCIA COLETIVA	rules_2col	default	REFERENCE_TABLE	340	NO	0	PASS	7045	7133	PENDING_FULL_VISUAL_REVIEW
271	PARTE V — JOGANDO KALLISTIS	RESSONÂNCIA COLETIVA	RESSONÂNCIA COLETIVA	rules_2col	default	REFERENCE_TABLE	312	NO	1	PASS	7135	7180	PENDING_FULL_VISUAL_REVIEW
272	PARTE V — JOGANDO KALLISTIS	EQUIPAMENTOS	EQUIPAMENTOS	rules_2col	default	REFERENCE_TABLE	286	NO	1	PASS	7182	7216	PENDING_FULL_VISUAL_REVIEW
273	PARTE V — JOGANDO KALLISTIS	EQUIPAMENTOS	EQUIPAMENTOS	rules_2col	default	REFERENCE_TABLE	208	NO	2	PASS	7191	7239	PENDING_FULL_VISUAL_REVIEW
274	PARTE V — JOGANDO KALLISTIS	EQUIPAMENTOS	EQUIPAMENTOS	rules_2col	default	REFERENCE_TABLE	216	NO	3	PASS	7220	7266	PENDING_FULL_VISUAL_REVIEW
275	PARTE V — JOGANDO KALLISTIS	EQUIPAMENTOS	EQUIPAMENTOS	rules_2col	default	REFERENCE_TABLE	221	NO	2	PASS	7268	7298	PENDING_FULL_VISUAL_REVIEW
276	PARTE V — JOGANDO KALLISTIS	ARTEFATOS	ARTEFATOS	rules_2col	default	REFERENCE_TABLE	266	NO	1	PASS	7285	7298	PENDING_FULL_VISUAL_REVIEW
277	PARTE V — JOGANDO KALLISTIS	ARTEFATOS	ARTEFATOS	rules_2col	default	REFERENCE_TABLE	282	NO	1	PASS	7285	7313	PENDING_FULL_VISUAL_REVIEW
278	PARTE V — JOGANDO KALLISTIS	ARTEFATOS	ARTEFATOS	rules_2col	default	REFERENCE_TABLE	237	NO	0	PASS	7315	7370	PENDING_FULL_VISUAL_REVIEW
279	PARTE V — JOGANDO KALLISTIS	ARTEFATOS	ARTEFATOS	rules_2col	default	REFERENCE_TABLE	232	NO	0	PASS	7377	7426	PENDING_FULL_VISUAL_REVIEW
280	PARTE V — JOGANDO KALLISTIS	ARTEFATOS	ARTEFATOS	rules_2col	default	REFERENCE_TABLE	224	NO	0	PASS	7433	7471	PENDING_FULL_VISUAL_REVIEW
281	PARTE V — JOGANDO KALLISTIS	ARTEFATOS	ARTEFATOS	rules_2col	default	REFERENCE_TABLE	237	NO	1	PASS	7478	7527	PENDING_FULL_VISUAL_REVIEW
282	PARTE V — JOGANDO KALLISTIS	PROGRESSÃO	PROGRESSÃO	rules_2col	default	REFERENCE_TABLE	267	NO	1	PASS	7529	7605	PENDING_FULL_VISUAL_REVIEW
283	PARTE V — JOGANDO KALLISTIS	FENDAS E TRAVESSIAS	FENDAS E TRAVESSIAS	rules_2col	default	REFERENCE_TABLE	267	YES	2	PASS	7607	7654	SAMPLE_REVIEWED
284	PARTE V — JOGANDO KALLISTIS	FENDAS E TRAVESSIAS	FENDAS E TRAVESSIAS	rules_2col	default	REFERENCE_TABLE	122	NO	1	PASS	7645	7662	PENDING_FULL_VISUAL_REVIEW
285	PARTE VI — CONDUZINDO KALLISTIS	PARTE VI — CONDUZINDO KALLISTIS	PARTE VI — CONDUZINDO KALLISTIS	part_opening	default	PART_HERO	53	NO	0	PASS	7664	7666	PENDING_FULL_VISUAL_REVIEW
286	PARTE VI — CONDUZINDO KALLISTIS	REGRAS DO MESTRE	REGRAS DO MESTRE	rules_2col	default	REFERENCE_TABLE	231	YES	1	PASS	7668	7712	SAMPLE_REVIEWED
287	PARTE VI — CONDUZINDO KALLISTIS	REGRAS DO MESTRE	REGRAS DO MESTRE	rules_2col	default	REFERENCE_TABLE	282	NO	2	PASS	7714	7778	PENDING_FULL_VISUAL_REVIEW
288	PARTE VI — CONDUZINDO KALLISTIS	REGRAS DO MESTRE	REGRAS DO MESTRE	rules_2col	default	REFERENCE_TABLE	143	YES	0	PASS	7780	7800	SAMPLE_REVIEWED
289	PARTE VI — CONDUZINDO KALLISTIS	REFERÊNCIA RÁPIDA DE ADVERSÁRIOS	REFERÊNCIA RÁPIDA DE ADVERSÁRIOS	chapter_opening	quadrant-image	BESTIARY_ENTRY	129	YES	0	PASS	7802	7828	SAMPLE_REVIEWED
290	PARTE VI — CONDUZINDO KALLISTIS	ESTRUTURA DE CAMPANHA	ESTRUTURA DE CAMPANHA	rules_2col	default	REFERENCE_TABLE	328	NO	0	PASS	7830	7851	PENDING_FULL_VISUAL_REVIEW
291	PARTE VI — CONDUZINDO KALLISTIS	SETENTA E DOIS ENCONTROS ENTRE HERANÇA E ESCOLHA	SETENTA E DOIS ENCONTROS ENTRE HERANÇA E ESCOLHA	rules_2col	default	REFERENCE_TABLE	293	NO	0	PASS	7860	7887	PENDING_FULL_VISUAL_REVIEW
292	PARTE VI — CONDUZINDO KALLISTIS	SETENTA E DOIS ENCONTROS ENTRE HERANÇA E ESCOLHA	SETENTA E DOIS ENCONTROS ENTRE HERANÇA E ESCOLHA	rules_2col	default	REFERENCE_TABLE	301	NO	0	PASS	7896	7923	PENDING_FULL_VISUAL_REVIEW
293	PARTE VI — CONDUZINDO KALLISTIS	SETENTA E DOIS ENCONTROS ENTRE HERANÇA E ESCOLHA	SETENTA E DOIS ENCONTROS ENTRE HERANÇA E ESCOLHA	rules_2col	default	REFERENCE_TABLE	292	NO	0	PASS	7932	7959	PENDING_FULL_VISUAL_REVIEW
294	PARTE VI — CONDUZINDO KALLISTIS	SETENTA E DOIS ENCONTROS ENTRE HERANÇA E ESCOLHA	Nimari	chapter_opening	image-side	SIDE_ART_PAIR	20	NO	0	PASS	7952	7959	PENDING_FULL_VISUAL_REVIEW
295	PARTE VI — CONDUZINDO KALLISTIS	SETENTA E DOIS ENCONTROS ENTRE HERANÇA E ESCOLHA	SETENTA E DOIS ENCONTROS ENTRE HERANÇA E ESCOLHA	chapter_opening	image-side	SIDE_ART_PAIR	161	YES	0	PASS	7968	7977	SAMPLE_REVIEWED
296	PARTE VI — CONDUZINDO KALLISTIS	SETENTA E DOIS ENCONTROS ENTRE HERANÇA E ESCOLHA	SETENTA E DOIS ENCONTROS ENTRE HERANÇA E ESCOLHA	chapter_opening	image-side	SIDE_ART_PAIR	147	YES	0	PASS	7986	7995	SAMPLE_REVIEWED
297	PARTE VI — CONDUZINDO KALLISTIS	Perguntas para preparação	Perguntas para preparação	rules_2col	default	REFERENCE_TABLE	293	NO	0	PASS	8004	8048	PENDING_FULL_VISUAL_REVIEW
298	PARTE VI — CONDUZINDO KALLISTIS	Perguntas para preparação	Perguntas para preparação	rules_2col	default	REFERENCE_TABLE	298	NO	0	PASS	8048	8106	PENDING_FULL_VISUAL_REVIEW
299	PARTE VI — CONDUZINDO KALLISTIS	Conduzindo o Cinturão	Conduzindo o Cinturão	rules_2col	default	REFERENCE_TABLE	240	NO	0	PASS	8108	8191	PENDING_FULL_VISUAL_REVIEW
300	PARTE VI — CONDUZINDO KALLISTIS	Conduzindo o Cinturão	Conduzindo o Cinturão	rules_2col	default	REFERENCE_TABLE	351	NO	0	PASS	8198	8250	PENDING_FULL_VISUAL_REVIEW
301	PARTE VI — CONDUZINDO KALLISTIS	Para o Mestre — Sete Segredos Regionais	Bestiário do Cristal Partido	full_art	bestiary-opening	BESTIARY_ENTRY	17	YES	0	PASS	8252	8254	SAMPLE_REVIEWED
302	PARTE VI — CONDUZINDO KALLISTIS	Bestiário do Cristal Partido		full_art	default	BESTIARY_ENTRY	0	YES	0	PASS			SAMPLE_REVIEWED
303	PARTE VI — CONDUZINDO KALLISTIS	Bestiário do Cristal Partido	Bestiário do Cristal Partido	rules_2col	default	REFERENCE_TABLE	316	NO	1	PASS	8256	8296	PENDING_FULL_VISUAL_REVIEW
304	PARTE VI — CONDUZINDO KALLISTIS	COMO USAR O BESTIÁRIO	COMO USAR O BESTIÁRIO	rules_2col	default	REFERENCE_TABLE	312	NO	0	PASS	8298	8362	PENDING_FULL_VISUAL_REVIEW
305	PARTE VI — CONDUZINDO KALLISTIS	COMO USAR O BESTIÁRIO	COMO USAR O BESTIÁRIO	rules_2col	default	REFERENCE_TABLE	248	NO	2	PASS	8357	8396	PENDING_FULL_VISUAL_REVIEW
306	PARTE VI — CONDUZINDO KALLISTIS	ESCALA E CONSTRUÇÃO DE ENCONTROS	ESCALA E CONSTRUÇÃO DE ENCONTROS	rules_2col	default	REFERENCE_TABLE	283	NO	1	PASS	8402	8456	PENDING_FULL_VISUAL_REVIEW
307	PARTE VI — CONDUZINDO KALLISTIS	LACAIOS	LACAIOS	rules_2col	default	REFERENCE_TABLE	288	NO	1	PASS	8460	8500	PENDING_FULL_VISUAL_REVIEW
308	PARTE VI — CONDUZINDO KALLISTIS	LACAIOS	LACAIOS	rules_2col	default	REFERENCE_TABLE	262	NO	2	PASS	8502	8545	PENDING_FULL_VISUAL_REVIEW
309	PARTE VI — CONDUZINDO KALLISTIS	LACAIOS	LACAIOS	rules_2col	default	REFERENCE_TABLE	307	NO	1	PASS	8548	8600	PENDING_FULL_VISUAL_REVIEW
310	PARTE VI — CONDUZINDO KALLISTIS	LACAIOS	LACAIOS	rules_2col	default	REFERENCE_TABLE	287	NO	2	PASS	8602	8642	PENDING_FULL_VISUAL_REVIEW
311	PARTE VI — CONDUZINDO KALLISTIS	LACAIOS	LACAIOS	rules_2col	default	REFERENCE_TABLE	118	NO	0	PASS	8644	8664	PENDING_FULL_VISUAL_REVIEW
312	PARTE VI — CONDUZINDO KALLISTIS	LACAIOS	LACAIOS	chapter_opening	quadrant-image	BESTIARY_ENTRY	136	YES	1	PASS	8666	8687	SAMPLE_REVIEWED
313	PARTE VI — CONDUZINDO KALLISTIS	LACAIOS	LACAIOS	rules_2col	default	REFERENCE_TABLE	247	NO	1	PASS	8690	8732	PENDING_FULL_VISUAL_REVIEW
314	PARTE VI — CONDUZINDO KALLISTIS	LACAIOS	LACAIOS	chapter_opening	quadrant-image	BESTIARY_ENTRY	154	YES	1	PASS	8734	8762	SAMPLE_REVIEWED
315	PARTE VI — CONDUZINDO KALLISTIS	LACAIOS	Filhote de Tormenta	chapter_opening	quadrant-image	BESTIARY_ENTRY	151	YES	1	PASS	8766	8789	SAMPLE_REVIEWED
316	PARTE VI — CONDUZINDO KALLISTIS	LACAIOS	Autômato de Ponte Descontrolado	chapter_opening	quadrant-image	BESTIARY_ENTRY	63	YES	0	PASS	8792	8802	SAMPLE_REVIEWED
317	PARTE VI — CONDUZINDO KALLISTIS	LACAIOS		full_art	default	BESTIARY_ENTRY	0	YES	0	PASS			SAMPLE_REVIEWED
318	PARTE VI — CONDUZINDO KALLISTIS	LACAIOS	LACAIOS	rules_2col	default	REFERENCE_TABLE	273	NO	2	PASS	8804	8848	PENDING_FULL_VISUAL_REVIEW
319	PARTE VI — CONDUZINDO KALLISTIS	ADVERSÁRIOS COMUNS	ADVERSÁRIOS COMUNS	rules_2col	default	REFERENCE_TABLE	295	NO	1	PASS	8850	8893	PENDING_FULL_VISUAL_REVIEW
320	PARTE VI — CONDUZINDO KALLISTIS	ADVERSÁRIOS COMUNS	ADVERSÁRIOS COMUNS	rules_2col	default	REFERENCE_TABLE	259	NO	1	PASS	8896	8936	PENDING_FULL_VISUAL_REVIEW
321	PARTE VI — CONDUZINDO KALLISTIS	ADVERSÁRIOS COMUNS	ADVERSÁRIOS COMUNS	rules_2col	default	REFERENCE_TABLE	287	NO	1	PASS	8940	8984	PENDING_FULL_VISUAL_REVIEW
322	PARTE VI — CONDUZINDO KALLISTIS	ADVERSÁRIOS COMUNS	ADVERSÁRIOS COMUNS	rules_2col	default	REFERENCE_TABLE	265	NO	1	PASS	8986	9026	PENDING_FULL_VISUAL_REVIEW
323	PARTE VI — CONDUZINDO KALLISTIS	ADVERSÁRIOS COMUNS	ADVERSÁRIOS COMUNS	rules_2col	default	REFERENCE_TABLE	259	NO	2	PASS	9028	9068	PENDING_FULL_VISUAL_REVIEW
324	PARTE VI — CONDUZINDO KALLISTIS	ADVERSÁRIOS COMUNS	ADVERSÁRIOS COMUNS	rules_2col	default	REFERENCE_TABLE	276	NO	1	PASS	9070	9116	PENDING_FULL_VISUAL_REVIEW
325	PARTE VI — CONDUZINDO KALLISTIS	ADVERSÁRIOS COMUNS	ADVERSÁRIOS COMUNS	rules_2col	default	REFERENCE_TABLE	285	NO	1	PASS	9120	9168	PENDING_FULL_VISUAL_REVIEW
326	PARTE VI — CONDUZINDO KALLISTIS	ADVERSÁRIOS COMUNS	ADVERSÁRIOS COMUNS	rules_2col	default	REFERENCE_TABLE	302	NO	2	PASS	9170	9212	PENDING_FULL_VISUAL_REVIEW
327	PARTE VI — CONDUZINDO KALLISTIS	ADVERSÁRIOS COMUNS	ADVERSÁRIOS COMUNS	rules_2col	default	REFERENCE_TABLE	119	NO	0	PASS	9214	9236	PENDING_FULL_VISUAL_REVIEW
328	PARTE VI — CONDUZINDO KALLISTIS	ADVERSÁRIOS COMUNS	ADVERSÁRIOS COMUNS	chapter_opening	quadrant-image	BESTIARY_ENTRY	156	YES	1	PASS	9238	9260	SAMPLE_REVIEWED
329	PARTE VI — CONDUZINDO KALLISTIS	ADVERSÁRIOS COMUNS	ADVERSÁRIOS COMUNS	rules_2col	default	REFERENCE_TABLE	281	NO	1	PASS	9264	9312	PENDING_FULL_VISUAL_REVIEW
330	PARTE VI — CONDUZINDO KALLISTIS	ADVERSÁRIOS COMUNS	ADVERSÁRIOS COMUNS	rules_2col	default	REFERENCE_TABLE	279	NO	2	PASS	9314	9356	PENDING_FULL_VISUAL_REVIEW
331	PARTE VI — CONDUZINDO KALLISTIS	ADVERSÁRIOS COMUNS	ADVERSÁRIOS COMUNS	rules_2col	default	REFERENCE_TABLE	261	NO	1	PASS	9358	9404	PENDING_FULL_VISUAL_REVIEW
332	PARTE VI — CONDUZINDO KALLISTIS	ADVERSÁRIOS COMUNS	ADVERSÁRIOS COMUNS	rules_2col	default	REFERENCE_TABLE	269	NO	1	PASS	9408	9452	PENDING_FULL_VISUAL_REVIEW
333	PARTE VI — CONDUZINDO KALLISTIS	ADVERSÁRIOS COMUNS	ADVERSÁRIOS COMUNS	chapter_opening	quadrant-image	BESTIARY_ENTRY	136	YES	1	PASS	9454	9476	SAMPLE_REVIEWED
334	PARTE VI — CONDUZINDO KALLISTIS	ADVERSÁRIOS COMUNS	ADVERSÁRIOS COMUNS	rules_2col	default	REFERENCE_TABLE	278	NO	1	PASS	9480	9528	PENDING_FULL_VISUAL_REVIEW
335	PARTE VI — CONDUZINDO KALLISTIS	ADVERSÁRIOS COMUNS	ADVERSÁRIOS COMUNS	rules_2col	default	REFERENCE_TABLE	277	NO	2	PASS	9530	9574	PENDING_FULL_VISUAL_REVIEW
336	PARTE VI — CONDUZINDO KALLISTIS	ELITES	ELITES	rules_2col	default	REFERENCE_TABLE	274	NO	1	PASS	9576	9622	PENDING_FULL_VISUAL_REVIEW
337	PARTE VI — CONDUZINDO KALLISTIS	ELITES	ELITES	rules_2col	default	REFERENCE_TABLE	267	NO	1	PASS	9626	9678	PENDING_FULL_VISUAL_REVIEW
338	PARTE VI — CONDUZINDO KALLISTIS	ELITES	ELITES	rules_2col	default	REFERENCE_TABLE	292	NO	1	PASS	9680	9734	PENDING_FULL_VISUAL_REVIEW
339	PARTE VI — CONDUZINDO KALLISTIS	ELITES	ELITES	rules_2col	default	REFERENCE_TABLE	278	NO	2	PASS	9736	9784	PENDING_FULL_VISUAL_REVIEW
340	PARTE VI — CONDUZINDO KALLISTIS	ELITES	ELITES	rules_2col	default	REFERENCE_TABLE	287	NO	1	PASS	9784	9832	PENDING_FULL_VISUAL_REVIEW
341	PARTE VI — CONDUZINDO KALLISTIS	ELITES	ELITES	rules_2col	default	REFERENCE_TABLE	280	NO	1	PASS	9836	9888	PENDING_FULL_VISUAL_REVIEW
342	PARTE VI — CONDUZINDO KALLISTIS	ELITES	ELITES	rules_2col	default	REFERENCE_TABLE	273	NO	1	PASS	9890	9936	PENDING_FULL_VISUAL_REVIEW
343	PARTE VI — CONDUZINDO KALLISTIS	ELITES	ELITES	rules_2col	default	REFERENCE_TABLE	263	NO	1	PASS	9940	9986	PENDING_FULL_VISUAL_REVIEW
344	PARTE VI — CONDUZINDO KALLISTIS	ELITES	ELITES	rules_2col	default	REFERENCE_TABLE	288	NO	1	PASS	9988	10030	PENDING_FULL_VISUAL_REVIEW
345	PARTE VI — CONDUZINDO KALLISTIS	ELITES	ELITES	rules_2col	default	REFERENCE_TABLE	271	NO	2	PASS	10032	10080	PENDING_FULL_VISUAL_REVIEW
346	PARTE VI — CONDUZINDO KALLISTIS	CHEFES E AMEAÇAS SINGULARES	CHEFES E AMEAÇAS SINGULARES	rules_2col	default	REFERENCE_TABLE	332	NO	0	PASS	10080	10132	PENDING_FULL_VISUAL_REVIEW
347	PARTE VI — CONDUZINDO KALLISTIS	CHEFES E AMEAÇAS SINGULARES	CHEFES E AMEAÇAS SINGULARES	rules_2col	default	REFERENCE_TABLE	302	NO	1	PASS	10134	10179	PENDING_FULL_VISUAL_REVIEW
348	PARTE VI — CONDUZINDO KALLISTIS	CHEFES E AMEAÇAS SINGULARES	CHEFES E AMEAÇAS SINGULARES	rules_2col	default	REFERENCE_TABLE	290	NO	1	PASS	10182	10227	PENDING_FULL_VISUAL_REVIEW
349	PARTE VI — CONDUZINDO KALLISTIS	CHEFES E AMEAÇAS SINGULARES	CHEFES E AMEAÇAS SINGULARES	rules_2col	default	REFERENCE_TABLE	312	NO	1	PASS	10230	10272	PENDING_FULL_VISUAL_REVIEW
350	PARTE VI — CONDUZINDO KALLISTIS	CHEFES E AMEAÇAS SINGULARES	CHEFES E AMEAÇAS SINGULARES	rules_2col	default	REFERENCE_TABLE	264	NO	0	PASS	10274	10328	PENDING_FULL_VISUAL_REVIEW
351	PARTE VI — CONDUZINDO KALLISTIS	CHEFES E AMEAÇAS SINGULARES	CHEFES E AMEAÇAS SINGULARES	rules_2col	default	REFERENCE_TABLE	285	NO	1	PASS	10330	10376	PENDING_FULL_VISUAL_REVIEW
352	PARTE VI — CONDUZINDO KALLISTIS	CHEFES E AMEAÇAS SINGULARES	CHEFES E AMEAÇAS SINGULARES	rules_2col	default	REFERENCE_TABLE	304	NO	1	PASS	10378	10435	PENDING_FULL_VISUAL_REVIEW
353	PARTE VI — CONDUZINDO KALLISTIS	CHEFES E AMEAÇAS SINGULARES	CHEFES E AMEAÇAS SINGULARES	rules_2col	default	REFERENCE_TABLE	290	NO	1	PASS	10434	10491	PENDING_FULL_VISUAL_REVIEW
354	PARTE VI — CONDUZINDO KALLISTIS	CHEFES E AMEAÇAS SINGULARES	CHEFES E AMEAÇAS SINGULARES	rules_2col	default	REFERENCE_TABLE	292	NO	1	PASS	10490	10535	PENDING_FULL_VISUAL_REVIEW
355	PARTE VI — CONDUZINDO KALLISTIS	CHEFES E AMEAÇAS SINGULARES	CHEFES E AMEAÇAS SINGULARES	rules_2col	default	REFERENCE_TABLE	348	NO	0	PASS	10540	10590	PENDING_FULL_VISUAL_REVIEW
356	PARTE VI — CONDUZINDO KALLISTIS	FENÔMENOS E PERIGOS	FENÔMENOS E PERIGOS	rules_2col	default	REFERENCE_TABLE	271	NO	0	PASS	10592	10656	PENDING_FULL_VISUAL_REVIEW
357	PARTE VI — CONDUZINDO KALLISTIS	FENÔMENOS E PERIGOS	FENÔMENOS E PERIGOS	rules_2col	default	REFERENCE_TABLE	319	NO	0	PASS	10660	10716	PENDING_FULL_VISUAL_REVIEW
358	PARTE VI — CONDUZINDO KALLISTIS	FENÔMENOS E PERIGOS	FENÔMENOS E PERIGOS	rules_2col	default	REFERENCE_TABLE	273	NO	0	PASS	10722	10784	PENDING_FULL_VISUAL_REVIEW
359	PARTE VI — CONDUZINDO KALLISTIS	FENÔMENOS E PERIGOS	FENÔMENOS E PERIGOS	rules_2col	default	REFERENCE_TABLE	262	NO	0	PASS	10786	10847	PENDING_FULL_VISUAL_REVIEW
360	PARTE VI — CONDUZINDO KALLISTIS	FENÔMENOS E PERIGOS	FENÔMENOS E PERIGOS	rules_2col	default	REFERENCE_TABLE	287	NO	0	PASS	10852	10908	PENDING_FULL_VISUAL_REVIEW
361	PARTE VI — CONDUZINDO KALLISTIS	FENÔMENOS E PERIGOS	FENÔMENOS E PERIGOS	rules_2col	default	REFERENCE_TABLE	245	NO	0	PASS	10910	10980	PENDING_FULL_VISUAL_REVIEW
362	PARTE VI — CONDUZINDO KALLISTIS	FENÔMENOS E PERIGOS	FENÔMENOS E PERIGOS	rules_2col	default	REFERENCE_TABLE	115	NO	0	PASS	10984	10994	PENDING_FULL_VISUAL_REVIEW
363	PARTE VI — CONDUZINDO KALLISTIS	FAUNA, ENTIDADES E COLOSSAIS	FAUNA, ENTIDADES E COLOSSAIS	chapter_opening	quadrant-image	BESTIARY_ENTRY	9	YES	0	PASS	10996	10996	SAMPLE_REVIEWED
364	PARTE VI — CONDUZINDO KALLISTIS	FAUNA, ENTIDADES E COLOSSAIS		full_art	default	BESTIARY_ENTRY	0	YES	0	PASS			SAMPLE_REVIEWED
365	PARTE VI — CONDUZINDO KALLISTIS	FAUNA, ENTIDADES E COLOSSAIS	FAUNA, ENTIDADES E COLOSSAIS	rules_2col	default	REFERENCE_TABLE	360	YES	0	PASS	10998	11024	SAMPLE_REVIEWED
366	PARTE VI — CONDUZINDO KALLISTIS	FAUNA, ENTIDADES E COLOSSAIS	FAUNA, ENTIDADES E COLOSSAIS	rules_2col	default	REFERENCE_TABLE	342	YES	0	PASS	11024	11056	SAMPLE_REVIEWED
367	PARTE VI — CONDUZINDO KALLISTIS	FAUNA, ENTIDADES E COLOSSAIS	FAUNA, ENTIDADES E COLOSSAIS	rules_2col	default	REFERENCE_TABLE	98	NO	0	PASS	11056	11060	PENDING_FULL_VISUAL_REVIEW
368	PARTE VI — CONDUZINDO KALLISTIS	FAUNA, ENTIDADES E COLOSSAIS		full_art	default	BESTIARY_ENTRY	7	YES	0	PASS	11062	11062	SAMPLE_REVIEWED
369	PARTE VI — CONDUZINDO KALLISTIS	FAUNA, ENTIDADES E COLOSSAIS		full_art	default	BESTIARY_ENTRY	0	YES	0	PASS			SAMPLE_REVIEWED
370	PARTE VI — CONDUZINDO KALLISTIS	FAUNA, ENTIDADES E COLOSSAIS		full_art	default	BESTIARY_ENTRY	0	YES	0	PASS			SAMPLE_REVIEWED
371	PARTE VI — CONDUZINDO KALLISTIS	FAUNA, ENTIDADES E COLOSSAIS		full_art	default	BESTIARY_ENTRY	0	YES	0	PASS			SAMPLE_REVIEWED
372	PARTE VI — CONDUZINDO KALLISTIS	FAUNA, ENTIDADES E COLOSSAIS		full_art	default	BESTIARY_ENTRY	0	YES	0	PASS			SAMPLE_REVIEWED
373	PARTE VI — CONDUZINDO KALLISTIS	FAUNA, ENTIDADES E COLOSSAIS	FAUNA, ENTIDADES E COLOSSAIS	rules_2col	default	REFERENCE_TABLE	316	YES	0	PASS	11064	11100	SAMPLE_REVIEWED
374	PARTE VI — CONDUZINDO KALLISTIS	FAUNA, ENTIDADES E COLOSSAIS	FAUNA, ENTIDADES E COLOSSAIS	rules_2col	default	REFERENCE_TABLE	228	NO	0	PASS	11102	11124	PENDING_FULL_VISUAL_REVIEW
375	PARTE VI — CONDUZINDO KALLISTIS	FAUNA, ENTIDADES E COLOSSAIS	FAUNA, ENTIDADES E COLOSSAIS	chapter_opening	quadrant-image	BESTIARY_ENTRY	200	YES	0	PASS	11126	11142	SAMPLE_REVIEWED
376	PARTE VI — CONDUZINDO KALLISTIS	FAUNA, ENTIDADES E COLOSSAIS	Tartaruga-Fortaleza	chapter_opening	quadrant-image	BESTIARY_ENTRY	226	YES	0	PASS	11144	11166	SAMPLE_REVIEWED
377	PARTE VI — CONDUZINDO KALLISTIS	FAUNA, ENTIDADES E COLOSSAIS	FAUNA, ENTIDADES E COLOSSAIS	chapter_opening	quadrant-image	BESTIARY_ENTRY	3	YES	0	PASS	11168	11168	SAMPLE_REVIEWED
378	PARTE VI — CONDUZINDO KALLISTIS	FAUNA, ENTIDADES E COLOSSAIS		full_art	default	BESTIARY_ENTRY	0	YES	0	PASS			SAMPLE_REVIEWED
379	PARTE VI — CONDUZINDO KALLISTIS	FAUNA, ENTIDADES E COLOSSAIS	FAUNA, ENTIDADES E COLOSSAIS	rules_2col	default	REFERENCE_TABLE	196	NO	0	PASS	11170	11186	PENDING_FULL_VISUAL_REVIEW
380	PARTE VI — CONDUZINDO KALLISTIS	FAUNA, ENTIDADES E COLOSSAIS	FAUNA, ENTIDADES E COLOSSAIS	chapter_opening	quadrant-image	BESTIARY_ENTRY	209	YES	0	PASS	11188	11206	SAMPLE_REVIEWED
381	PARTE VI — CONDUZINDO KALLISTIS	FAUNA, ENTIDADES E COLOSSAIS		full_art	default	BESTIARY_ENTRY	7	YES	0	PASS	11208	11208	SAMPLE_REVIEWED
382	PARTE VI — CONDUZINDO KALLISTIS	FAUNA, ENTIDADES E COLOSSAIS		full_art	default	BESTIARY_ENTRY	0	YES	0	PASS			SAMPLE_REVIEWED
383	PARTE VI — CONDUZINDO KALLISTIS	FAUNA, ENTIDADES E COLOSSAIS		full_art	default	BESTIARY_ENTRY	0	YES	0	PASS			SAMPLE_REVIEWED
384	PARTE VI — CONDUZINDO KALLISTIS	FAUNA, ENTIDADES E COLOSSAIS		full_art	default	BESTIARY_ENTRY	0	YES	0	PASS			SAMPLE_REVIEWED
385	PARTE VI — CONDUZINDO KALLISTIS	FAUNA, ENTIDADES E COLOSSAIS		full_art	default	BESTIARY_ENTRY	0	YES	0	PASS			SAMPLE_REVIEWED
386	PARTE VI — CONDUZINDO KALLISTIS	FAUNA, ENTIDADES E COLOSSAIS		full_art	default	BESTIARY_ENTRY	0	YES	0	PASS			SAMPLE_REVIEWED
387	PARTE VI — CONDUZINDO KALLISTIS	FAUNA, ENTIDADES E COLOSSAIS		full_art	default	BESTIARY_ENTRY	0	YES	0	PASS			SAMPLE_REVIEWED
388	PARTE VI — CONDUZINDO KALLISTIS	FAUNA, ENTIDADES E COLOSSAIS		full_art	default	BESTIARY_ENTRY	0	YES	0	PASS			SAMPLE_REVIEWED
389	PARTE VI — CONDUZINDO KALLISTIS	FAUNA, ENTIDADES E COLOSSAIS	FAUNA, ENTIDADES E COLOSSAIS	rules_2col	default	REFERENCE_TABLE	393	NO	0	PASS	11210	11258	PENDING_FULL_VISUAL_REVIEW
390	PARTE VI — CONDUZINDO KALLISTIS	FAUNA, ENTIDADES E COLOSSAIS	FAUNA, ENTIDADES E COLOSSAIS	rules_2col	default	REFERENCE_TABLE	384	NO	0	PASS	11258	11312	PENDING_FULL_VISUAL_REVIEW
391	PARTE VI — CONDUZINDO KALLISTIS	FAUNA, ENTIDADES E COLOSSAIS	FAUNA, ENTIDADES E COLOSSAIS	rules_2col	default	REFERENCE_TABLE	376	NO	0	PASS	11314	11362	PENDING_FULL_VISUAL_REVIEW
392	PARTE VI — CONDUZINDO KALLISTIS	FAUNA, ENTIDADES E COLOSSAIS	FAUNA, ENTIDADES E COLOSSAIS	rules_2col	default	REFERENCE_TABLE	356	NO	0	PASS	11364	11420	PENDING_FULL_VISUAL_REVIEW
393	PARTE VI — CONDUZINDO KALLISTIS	FAUNA, ENTIDADES E COLOSSAIS	FAUNA, ENTIDADES E COLOSSAIS	rules_2col	default	REFERENCE_TABLE	281	NO	0	PASS	11422	11458	PENDING_FULL_VISUAL_REVIEW
394	PARTE VI — CONDUZINDO KALLISTIS	FAUNA, ENTIDADES E COLOSSAIS	FAUNA, ENTIDADES E COLOSSAIS	chapter_opening	quadrant-image	BESTIARY_ENTRY	107	YES	0	PASS	11460	11470	SAMPLE_REVIEWED
395	PARTE VI — CONDUZINDO KALLISTIS	FAUNA, ENTIDADES E COLOSSAIS	FAUNA, ENTIDADES E COLOSSAIS	chapter_opening	quadrant-image	BESTIARY_ENTRY	112	YES	0	PASS	11472	11484	SAMPLE_REVIEWED
396	PARTE VI — CONDUZINDO KALLISTIS	FAUNA, ENTIDADES E COLOSSAIS	FAUNA, ENTIDADES E COLOSSAIS	chapter_opening	quadrant-image	BESTIARY_ENTRY	162	YES	0	PASS	11486	11504	SAMPLE_REVIEWED
397	PARTE VI — CONDUZINDO KALLISTIS	FAUNA, ENTIDADES E COLOSSAIS	Devorador Psíquico Cefalóide	chapter_opening	quadrant-image	BESTIARY_ENTRY	47	YES	0	PASS	11506	11512	SAMPLE_REVIEWED
398	PARTE VI — CONDUZINDO KALLISTIS	FAUNA, ENTIDADES E COLOSSAIS		full_art	default	BESTIARY_ENTRY	0	YES	0	PASS			SAMPLE_REVIEWED
399	PARTE VI — CONDUZINDO KALLISTIS	FAUNA, ENTIDADES E COLOSSAIS	FAUNA, ENTIDADES E COLOSSAIS	rules_2col	default	REFERENCE_TABLE	392	NO	0	PASS	11514	11562	PENDING_FULL_VISUAL_REVIEW
400	PARTE VI — CONDUZINDO KALLISTIS	FAUNA, ENTIDADES E COLOSSAIS	FAUNA, ENTIDADES E COLOSSAIS	rules_2col	default	REFERENCE_TABLE	249	NO	1	PASS	11564	11628	PENDING_FULL_VISUAL_REVIEW
401	PARTE VI — CONDUZINDO KALLISTIS	MODELOS DE ADAPTAÇÃO	MODELOS DE ADAPTAÇÃO	rules_2col	default	REFERENCE_TABLE	270	NO	0	PASS	11633	11697	PENDING_FULL_VISUAL_REVIEW
402	PARTE VI — CONDUZINDO KALLISTIS	ENCONTROS PRONTOS	ENCONTROS PRONTOS	rules_2col	default	REFERENCE_TABLE	311	NO	0	PASS	11699	11721	PENDING_FULL_VISUAL_REVIEW
403	PARTE VI — CONDUZINDO KALLISTIS	ENCONTROS PRONTOS	ENCONTROS PRONTOS	rules_2col	default	REFERENCE_TABLE	273	NO	0	PASS	11723	11749	PENDING_FULL_VISUAL_REVIEW
404	PARTE VI — CONDUZINDO KALLISTIS	TABELAS REGIONAIS	TABELAS REGIONAIS	rules_2col	default	REFERENCE_TABLE	165	NO	2	PASS	11751	11783	PENDING_FULL_VISUAL_REVIEW
405	PARTE VI — CONDUZINDO KALLISTIS	TABELAS REGIONAIS	TABELAS REGIONAIS	rules_2col	default	REFERENCE_TABLE	167	NO	3	PASS	11785	11826	PENDING_FULL_VISUAL_REVIEW
406	PARTE VI — CONDUZINDO KALLISTIS	TABELAS REGIONAIS	TABELAS REGIONAIS	rules_2col	default	REFERENCE_TABLE	181	NO	2	PASS	11815	11870	PENDING_FULL_VISUAL_REVIEW
407	PARTE VI — CONDUZINDO KALLISTIS	RECOMPENSAS E CONSEQUÊNCIAS	RECOMPENSAS E CONSEQUÊNCIAS	rules_2col	default	REFERENCE_TABLE	217	NO	1	PASS	11877	11923	PENDING_FULL_VISUAL_REVIEW
408	APÊNDICES	APÊNDICES	APÊNDICES	chapter_opening	image-top	IMAGE_TOP	71	YES	0	PASS	11925	11958	SAMPLE_REVIEWED
409	APÊNDICES	FICHA DE PERSONAGEM	FICHA DE PERSONAGEM	narrative	default	TEXT_FLOW	80	NO	0	PASS	11960	12018	PENDING_FULL_VISUAL_REVIEW
410	APÊNDICES	FICHA DE PERSONAGEM	FICHA DE PERSONAGEM	narrative	default	TEXT_FLOW	139	NO	0	PASS	12020	12076	PENDING_FULL_VISUAL_REVIEW
411	APÊNDICES	REFERÊNCIA RÁPIDA	REFERÊNCIA RÁPIDA	narrative	default	TEXT_FLOW	172	NO	0	PASS	12078	12132	PENDING_FULL_VISUAL_REVIEW
412	APÊNDICES	REFERÊNCIA RÁPIDA	REFERÊNCIA RÁPIDA	narrative	default	TEXT_FLOW	230	NO	0	PASS	12134	12184	PENDING_FULL_VISUAL_REVIEW
413	APÊNDICES	REFERÊNCIA RÁPIDA	REFERÊNCIA RÁPIDA	narrative	default	TEXT_FLOW	311	NO	0	PASS	12186	12216	PENDING_FULL_VISUAL_REVIEW
414	APÊNDICES	REFERÊNCIA RÁPIDA	REFERÊNCIA RÁPIDA	narrative	default	TEXT_FLOW	302	NO	0	PASS	12216	12250	PENDING_FULL_VISUAL_REVIEW
415	APÊNDICES	Glossário essencial	Glossário essencial	narrative	default	TEXT_FLOW	141	NO	0	PASS	12252	12268	PENDING_FULL_VISUAL_REVIEW
416	MI NAM. MI RAAR.	MI NAM. MI RAAR.	MI NAM. MI RAAR.	narrative	default	TEXT_FLOW	20	NO	0	PASS	12270	12278	PENDING_FULL_VISUAL_REVIEW
417	BOOKMAKER CONTRACT — KALLISTIS FICHA DO JOGADOR	BOOKMAKER CONTRACT — KALLISTIS FICHA DO JOGADOR	BOOKMAKER CONTRACT — KALLISTIS FICHA DO JOGADOR	narrative	default	TEXT_FLOW	58	NO	0	PASS	12280	12296	PENDING_FULL_VISUAL_REVIEW
418	BOOKMAKER CONTRACT — KALLISTIS FICHA DO JOGADOR	Pacote de assets	Pacote de assets	narrative	default	TEXT_FLOW	23	NO	0	PASS	12298	12321	PENDING_FULL_VISUAL_REVIEW
419	BOOKMAKER CONTRACT — KALLISTIS FICHA DO JOGADOR	Dicionário dos assets	Dicionário dos assets	narrative	default	TEXT_FLOW	147	NO	1	PASS	12323	12348	PENDING_FULL_VISUAL_REVIEW
420	BOOKMAKER CONTRACT — KALLISTIS FICHA DO JOGADOR	Dicionário dos assets	Dicionário dos assets	narrative	default	TEXT_FLOW	201	NO	1	PASS	12325	12375	PENDING_FULL_VISUAL_REVIEW
421	BOOKMAKER CONTRACT — KALLISTIS FICHA DO JOGADOR	Página 2 — TRILHA / AÇÃO	Página 2 — TRILHA / AÇÃO	narrative	default	TEXT_FLOW	196	NO	0	PASS	12377	12413	PENDING_FULL_VISUAL_REVIEW
422	BOOKMAKER CONTRACT — KALLISTIS FICHA DO JOGADOR	Página 4 — MEMÓRIA / PROGRESSÃO	Página 4 — MEMÓRIA / PROGRESSÃO	narrative	default	TEXT_FLOW	280	NO	0	PASS	12415	12444	PENDING_FULL_VISUAL_REVIEW
423	BOOKMAKER CONTRACT — KALLISTIS FICHA DO JOGADOR	Suplementos	Suplementos	narrative	default	TEXT_FLOW	206	NO	0	PASS	12446	12477	PENDING_FULL_VISUAL_REVIEW
424	BOOKMAKER CONTRACT — KALLISTIS FICHA DO JOGADOR	Gate de materialização	Gate de materialização	narrative	default	TEXT_FLOW	156	NO	0	PASS	12462	12505	PENDING_FULL_VISUAL_REVIEW
