page_index	page_id	part	chapter	template	composition	status	priority	issue	suggested_manual_action	tables
1	all-page-0001	KALLISTIS	KALLISTIS	front_matter	TEXT_FLOW	MVP_GOOD	-		Nenhuma ação estrutural; refinar somente se a revisão humana encontrar ganho editorial claro.	
2	all-page-0002	KALLISTIS	Dedicatória	front_matter	TEXT_FEATURE	MVP_GOOD	-		Nenhuma ação estrutural; refinar somente se a revisão humana encontrar ganho editorial claro.	
3	all-page-0003	KALLISTIS	Dedicatória	narrative	TEXT_FLOW	MVP_GOOD	-		Nenhuma ação estrutural; refinar somente se a revisão humana encontrar ganho editorial claro.	
4	all-page-0004	KALLISTIS	Prólogo — A velha e a Fresta	chapter_opening	IMAGE_TOP	MVP_GOOD	-		Nenhuma ação estrutural; refinar somente se a revisão humana encontrar ganho editorial claro.	
5	all-page-0005	PARTE I — O MUNDO PARTIDO	PARTE I — O MUNDO PARTIDO	part_opening	PART_HERO	MVP_GOOD	-		Nenhuma ação estrutural; refinar somente se a revisão humana encontrar ganho editorial claro.	
6	all-page-0006	PARTE I — O MUNDO PARTIDO	Manesh — O Mundo da Luz	chapter_opening	IMAGE_TOP	MVP_GOOD	-		Nenhuma ação estrutural; refinar somente se a revisão humana encontrar ganho editorial claro.	
7	all-page-0007	PARTE I — O MUNDO PARTIDO	Thuvel — O Mundo da Escuridão	chapter_opening	IMAGE_TOP	MVP_GOOD	-		Nenhuma ação estrutural; refinar somente se a revisão humana encontrar ganho editorial claro.	
8	all-page-0008	PARTE I — O MUNDO PARTIDO	Luz, Escuridão e Sombra	chapter_opening	SIDE_ART_PAIR	MVP_GOOD	-		Nenhuma ação estrutural; refinar somente se a revisão humana encontrar ganho editorial claro.	
9	all-page-0009	PARTE I — O MUNDO PARTIDO	Kav — Sombra É Corrupção, Não Escuridão	chapter_opening	SIDE_ART_PAIR	MVP_GOOD	-		Nenhuma ação estrutural; refinar somente se a revisão humana encontrar ganho editorial claro.	
10	all-page-0010	PARTE I — O MUNDO PARTIDO	O Grande Cristal — Antes Que Houvesse Dois Mundos	chapter_opening	IMAGE_TOP	MVP_GOOD	-		Nenhuma ação estrutural; refinar somente se a revisão humana encontrar ganho editorial claro.	
11	all-page-0011	PARTE I — O MUNDO PARTIDO	Mirveth — Uma Pessoa Inteira	chapter_opening	IMAGE_TOP	MVP_GOOD	-		Nenhuma ação estrutural; refinar somente se a revisão humana encontrar ganho editorial claro.	
12	all-page-0012	PARTE I — O MUNDO PARTIDO	Vethari — Relação Sem Apagamento	chapter_opening	IMAGE_TOP	MVP_GOOD	-		Nenhuma ação estrutural; refinar somente se a revisão humana encontrar ganho editorial claro.	
13	all-page-0013	PARTE I — O MUNDO PARTIDO	História do Mundo Partido	chapter_opening	IMAGE_TOP	MVP_GOOD	-		Nenhuma ação estrutural; refinar somente se a revisão humana encontrar ganho editorial claro.	
14	all-page-0014	PARTE I — O MUNDO PARTIDO	A história em Marcos	timeline_milestone	TIMELINE_MILESTONE	MVP_GOOD	-		Nenhuma ação estrutural; refinar somente se a revisão humana encontrar ganho editorial claro.	
15	all-page-0015	PARTE I — O MUNDO PARTIDO	A história em Marcos	narrative	TEXT_FLOW	MVP_GOOD	-		Nenhuma ação estrutural; refinar somente se a revisão humana encontrar ganho editorial claro.	
16	all-page-0016	PARTE I — O MUNDO PARTIDO	A história em Marcos	narrative	TEXT_FLOW	MVP_GOOD	-		Nenhuma ação estrutural; refinar somente se a revisão humana encontrar ganho editorial claro.	
17	all-page-0017	PARTE I — O MUNDO PARTIDO	A história em Marcos	timeline_milestone	TIMELINE_MILESTONE	MVP_GOOD	-		Nenhuma ação estrutural; refinar somente se a revisão humana encontrar ganho editorial claro.	
18	all-page-0018	PARTE I — O MUNDO PARTIDO	A história em Marcos	narrative	TEXT_FLOW	MVP_GOOD	-		Nenhuma ação estrutural; refinar somente se a revisão humana encontrar ganho editorial claro.	
19	all-page-0019	PARTE I — O MUNDO PARTIDO	A história em Marcos	narrative	TEXT_FLOW	MVP_GOOD	-		Nenhuma ação estrutural; refinar somente se a revisão humana encontrar ganho editorial claro.	
20	all-page-0020	PARTE I — O MUNDO PARTIDO	A história em Marcos	narrative	TEXT_FLOW	MVP_GOOD	-		Nenhuma ação estrutural; refinar somente se a revisão humana encontrar ganho editorial claro.	
21	all-page-0021	PARTE I — O MUNDO PARTIDO	A história em Marcos	timeline_milestone	TIMELINE_MILESTONE	MVP_GOOD	-		Nenhuma ação estrutural; refinar somente se a revisão humana encontrar ganho editorial claro.	
22	all-page-0022	PARTE I — O MUNDO PARTIDO	A história em Marcos	narrative	TEXT_FLOW	MVP_GOOD	-		Nenhuma ação estrutural; refinar somente se a revisão humana encontrar ganho editorial claro.	
23	all-page-0023	PARTE I — O MUNDO PARTIDO	A história em Marcos	chapter_opening	SIDE_ART_PAIR	MVP_GOOD	-		Nenhuma ação estrutural; refinar somente se a revisão humana encontrar ganho editorial claro.	
24	all-page-0024	PARTE I — O MUNDO PARTIDO	A história em Marcos	chapter_opening	SIDE_ART_PAIR	MVP_GOOD	-		Nenhuma ação estrutural; refinar somente se a revisão humana encontrar ganho editorial claro.	
25	all-page-0025	PARTE I — O MUNDO PARTIDO	A história em Marcos	narrative	TEXT_FLOW	MVP_GOOD	-		Nenhuma ação estrutural; refinar somente se a revisão humana encontrar ganho editorial claro.	
26	all-page-0026	PARTE I — O MUNDO PARTIDO	A história em Marcos	timeline_milestone	TIMELINE_MILESTONE	MVP_GOOD	-		Nenhuma ação estrutural; refinar somente se a revisão humana encontrar ganho editorial claro.	
27	all-page-0027	PARTE I — O MUNDO PARTIDO	A história em Marcos	narrative	TEXT_FLOW	MVP_GOOD	-		Nenhuma ação estrutural; refinar somente se a revisão humana encontrar ganho editorial claro.	
28	all-page-0028	PARTE I — O MUNDO PARTIDO	A história em Marcos	narrative	TEXT_FLOW	MVP_GOOD	-		Nenhuma ação estrutural; refinar somente se a revisão humana encontrar ganho editorial claro.	
29	all-page-0029	PARTE I — O MUNDO PARTIDO	A história em Marcos	timeline_milestone	TIMELINE_MILESTONE	MVP_GOOD	-		Nenhuma ação estrutural; refinar somente se a revisão humana encontrar ganho editorial claro.	
30	all-page-0030	PARTE I — O MUNDO PARTIDO	A história em Marcos	narrative	TEXT_FLOW	MVP_GOOD	-		Nenhuma ação estrutural; refinar somente se a revisão humana encontrar ganho editorial claro.	
31	all-page-0031	PARTE I — O MUNDO PARTIDO	A história em Marcos	chapter_opening	IMAGE_TOP	MVP_GOOD	-		Nenhuma ação estrutural; refinar somente se a revisão humana encontrar ganho editorial claro.	
32	all-page-0032	PARTE I — O MUNDO PARTIDO	A história em Marcos	narrative	TEXT_FLOW	MVP_GOOD	-		Nenhuma ação estrutural; refinar somente se a revisão humana encontrar ganho editorial claro.	
33	all-page-0033	PARTE I — O MUNDO PARTIDO	A história em Marcos	timeline_milestone	TIMELINE_MILESTONE	MVP_GOOD	-		Nenhuma ação estrutural; refinar somente se a revisão humana encontrar ganho editorial claro.	
34	all-page-0034	PARTE I — O MUNDO PARTIDO	A história em Marcos	narrative	TEXT_FLOW	MVP_GOOD	-		Nenhuma ação estrutural; refinar somente se a revisão humana encontrar ganho editorial claro.	
35	all-page-0035	PARTE I — O MUNDO PARTIDO	A história em Marcos	narrative	TEXT_FLOW	MVP_GOOD	-		Nenhuma ação estrutural; refinar somente se a revisão humana encontrar ganho editorial claro.	
36	all-page-0036	PARTE I — O MUNDO PARTIDO	A história em Marcos	chapter_opening	SIDE_ART_PAIR	MANUAL_REVIEW	P2	LOW_FILL_OR_SHORT_COMPOSITION	Verificar ritmo, espaço negativo e eventual arte contextual; não comprimir texto automaticamente.	
37	all-page-0037	PARTE I — O MUNDO PARTIDO	A história em Marcos	chapter_opening	SIDE_ART_PAIR	MVP_GOOD	-		Nenhuma ação estrutural; refinar somente se a revisão humana encontrar ganho editorial claro.	
38	all-page-0038	PARTE I — O MUNDO PARTIDO	A história em Marcos	narrative	TEXT_FLOW	MVP_GOOD	-		Nenhuma ação estrutural; refinar somente se a revisão humana encontrar ganho editorial claro.	
39	all-page-0039	PARTE I — O MUNDO PARTIDO	A história em Marcos	timeline_milestone	TIMELINE_MILESTONE	MVP_GOOD	-		Nenhuma ação estrutural; refinar somente se a revisão humana encontrar ganho editorial claro.	
40	all-page-0040	PARTE I — O MUNDO PARTIDO	A história em Marcos	chapter_opening	SIDE_ART_PAIR	MVP_GOOD	-		Nenhuma ação estrutural; refinar somente se a revisão humana encontrar ganho editorial claro.	
41	all-page-0041	PARTE I — O MUNDO PARTIDO	A história em Marcos	chapter_opening	SIDE_ART_PAIR	MVP_GOOD	-		Nenhuma ação estrutural; refinar somente se a revisão humana encontrar ganho editorial claro.	
42	all-page-0042	PARTE I — O MUNDO PARTIDO	A história em Marcos	chapter_opening	IMAGE_TOP	MVP_GOOD	-		Nenhuma ação estrutural; refinar somente se a revisão humana encontrar ganho editorial claro.	
43	all-page-0043	PARTE I — O MUNDO PARTIDO	A história em Marcos	timeline_milestone	TIMELINE_MILESTONE	MVP_GOOD	-		Nenhuma ação estrutural; refinar somente se a revisão humana encontrar ganho editorial claro.	
44	all-page-0044	PARTE I — O MUNDO PARTIDO	A história em Marcos	narrative	TEXT_FLOW	MVP_GOOD	-		Nenhuma ação estrutural; refinar somente se a revisão humana encontrar ganho editorial claro.	
45	all-page-0045	PARTE I — O MUNDO PARTIDO	A história em Marcos	chapter_opening	SIDE_ART_PAIR	MVP_GOOD	-		Nenhuma ação estrutural; refinar somente se a revisão humana encontrar ganho editorial claro.	
46	all-page-0046	PARTE I — O MUNDO PARTIDO	A história em Marcos	chapter_opening	SIDE_ART_PAIR	MVP_GOOD	-		Nenhuma ação estrutural; refinar somente se a revisão humana encontrar ganho editorial claro.	
47	all-page-0047	PARTE I — O MUNDO PARTIDO	A história em Marcos	narrative	TEXT_FLOW	MVP_GOOD	-		Nenhuma ação estrutural; refinar somente se a revisão humana encontrar ganho editorial claro.	
48	all-page-0048	PARTE I — O MUNDO PARTIDO	A história em Marcos	narrative	TEXT_FLOW	MVP_GOOD	-		Nenhuma ação estrutural; refinar somente se a revisão humana encontrar ganho editorial claro.	
49	all-page-0049	PARTE I — O MUNDO PARTIDO	Cronologia consolidada por Marcos	table_page	TEXT_FEATURE	MVP_GOOD	-		Nenhuma ação estrutural; refinar somente se a revisão humana encontrar ganho editorial claro.	1 tabelas
50	all-page-0050	PARTE I — O MUNDO PARTIDO	O que é fundamento, consenso, tradição e futuro aberto	part_opening	PART_HERO	MVP_GOOD	-		Nenhuma ação estrutural; refinar somente se a revisão humana encontrar ganho editorial claro.	
51	all-page-0051	PARTE II — O CINTURÃO DAS FRESTAS	O Cinturão das Frestas	narrative	GEOGRAPHY_FLOW	MVP_GOOD	-		Nenhuma ação estrutural; refinar somente se a revisão humana encontrar ganho editorial claro.	
52	all-page-0052	PARTE II — O CINTURÃO DAS FRESTAS	O Cinturão das Frestas	narrative	GEOGRAPHY_FLOW	MANUAL_REVIEW	P2	LOW_FILL_OR_SHORT_COMPOSITION	Verificar ritmo, espaço negativo e eventual arte contextual; não comprimir texto automaticamente.	
53	all-page-0053	PARTE II — O CINTURÃO DAS FRESTAS	O Mapa em Duas Camadas	full_art	MAP_SPREAD	MVP_GOOD	-		Nenhuma ação estrutural; refinar somente se a revisão humana encontrar ganho editorial claro.	
54	all-page-0054	PARTE II — O CINTURÃO DAS FRESTAS	O Mapa em Duas Camadas	full_art	MAP_SPREAD	MVP_GOOD	-		Nenhuma ação estrutural; refinar somente se a revisão humana encontrar ganho editorial claro.	
55	all-page-0055	PARTE II — O CINTURÃO DAS FRESTAS	O Mapa em Duas Camadas	narrative	GEOGRAPHY_FLOW	NEEDS_TABLE_REVIEW	P3	TABLE_IN_NARRATIVE_TEMPLATE_REVIEW_SEMANTIC_ROLE	Confirmar manualmente se a tabela compacta deve permanecer integrada ao fluxo ou migrar para composição especializada.	1 tabelas
56	all-page-0056	PARTE II — O CINTURÃO DAS FRESTAS	O Mapa em Duas Camadas	narrative	GEOGRAPHY_FLOW	MANUAL_REVIEW	P2	LOW_FILL_OR_SHORT_COMPOSITION	Verificar ritmo, espaço negativo e eventual arte contextual; não comprimir texto automaticamente.	
57	all-page-0057	PARTE II — O CINTURÃO DAS FRESTAS	A Fenda de Kethrell	chapter_opening	GEOGRAPHY_OPENING	MVP_GOOD	-		Nenhuma ação estrutural; refinar somente se a revisão humana encontrar ganho editorial claro.	
58	all-page-0058	PARTE II — O CINTURÃO DAS FRESTAS	A Fenda de Kethrell	narrative	GEOGRAPHY_FLOW	MVP_GOOD	-		Nenhuma ação estrutural; refinar somente se a revisão humana encontrar ganho editorial claro.	
59	all-page-0059	PARTE II — O CINTURÃO DAS FRESTAS	Quatro Fatores de Instabilidade	narrative	GEOGRAPHY_FLOW	NEEDS_TABLE_REVIEW	P3	TABLE_IN_NARRATIVE_TEMPLATE_REVIEW_SEMANTIC_ROLE	Confirmar manualmente se a tabela compacta deve permanecer integrada ao fluxo ou migrar para composição especializada.	1 tabelas
60	all-page-0060	PARTE II — O CINTURÃO DAS FRESTAS	Estados da Fenda	narrative	GEOGRAPHY_FLOW	MANUAL_REVIEW	P2	LOW_FILL_OR_SHORT_COMPOSITION	Verificar ritmo, espaço negativo e eventual arte contextual; não comprimir texto automaticamente.	
61	all-page-0061	PARTE II — O CINTURÃO DAS FRESTAS	Geografia da Luz: Planalto de Silmari	chapter_opening	GEOGRAPHY_OPENING	MVP_GOOD	-		Nenhuma ação estrutural; refinar somente se a revisão humana encontrar ganho editorial claro.	
62	all-page-0062	PARTE II — O CINTURÃO DAS FRESTAS	Geografia da Luz: Planalto de Silmari	narrative	GEOGRAPHY_FLOW	MVP_GOOD	-		Nenhuma ação estrutural; refinar somente se a revisão humana encontrar ganho editorial claro.	
63	all-page-0063	PARTE II — O CINTURÃO DAS FRESTAS	Geografia da Luz: Planalto de Silmari	narrative	GEOGRAPHY_FLOW	MVP_GOOD	-		Nenhuma ação estrutural; refinar somente se a revisão humana encontrar ganho editorial claro.	
64	all-page-0064	PARTE II — O CINTURÃO DAS FRESTAS	Geografia da Luz: Planalto de Silmari	narrative	GEOGRAPHY_FLOW	MVP_GOOD	-		Nenhuma ação estrutural; refinar somente se a revisão humana encontrar ganho editorial claro.	
65	all-page-0065	PARTE II — O CINTURÃO DAS FRESTAS	Geografia da Luz: Planalto de Silmari	narrative	GEOGRAPHY_FLOW	MVP_GOOD	-		Nenhuma ação estrutural; refinar somente se a revisão humana encontrar ganho editorial claro.	
66	all-page-0066	PARTE II — O CINTURÃO DAS FRESTAS	Geografia da Luz: Planalto de Silmari	narrative	GEOGRAPHY_FLOW	MVP_GOOD	-		Nenhuma ação estrutural; refinar somente se a revisão humana encontrar ganho editorial claro.	
67	all-page-0067	PARTE II — O CINTURÃO DAS FRESTAS	Geografia da Luz: Planalto de Silmari	narrative	GEOGRAPHY_FLOW	MVP_GOOD	-		Nenhuma ação estrutural; refinar somente se a revisão humana encontrar ganho editorial claro.	
68	all-page-0068	PARTE II — O CINTURÃO DAS FRESTAS	Geografia da Escuridão: Vale de Thur-Daer	chapter_opening	GEOGRAPHY_OPENING	MVP_GOOD	-		Nenhuma ação estrutural; refinar somente se a revisão humana encontrar ganho editorial claro.	
69	all-page-0069	PARTE II — O CINTURÃO DAS FRESTAS	Geografia da Escuridão: Vale de Thur-Daer	narrative	GEOGRAPHY_FLOW	MVP_GOOD	-		Nenhuma ação estrutural; refinar somente se a revisão humana encontrar ganho editorial claro.	
70	all-page-0070	PARTE II — O CINTURÃO DAS FRESTAS	Geografia da Escuridão: Vale de Thur-Daer	narrative	GEOGRAPHY_FLOW	MVP_GOOD	-		Nenhuma ação estrutural; refinar somente se a revisão humana encontrar ganho editorial claro.	
71	all-page-0071	PARTE II — O CINTURÃO DAS FRESTAS	Geografia da Escuridão: Vale de Thur-Daer	narrative	GEOGRAPHY_FLOW	MVP_GOOD	-		Nenhuma ação estrutural; refinar somente se a revisão humana encontrar ganho editorial claro.	
72	all-page-0072	PARTE II — O CINTURÃO DAS FRESTAS	Geografia da Escuridão: Vale de Thur-Daer	narrative	GEOGRAPHY_FLOW	MVP_GOOD	-		Nenhuma ação estrutural; refinar somente se a revisão humana encontrar ganho editorial claro.	
73	all-page-0073	PARTE II — O CINTURÃO DAS FRESTAS	Geografia da Luz — Cidades e enclaves	narrative	GEOGRAPHY_FLOW	MVP_GOOD	-		Nenhuma ação estrutural; refinar somente se a revisão humana encontrar ganho editorial claro.	
74	all-page-0074	PARTE II — O CINTURÃO DAS FRESTAS	Geografia da Luz — Cidades e enclaves	narrative	GEOGRAPHY_FLOW	MVP_GOOD	-		Nenhuma ação estrutural; refinar somente se a revisão humana encontrar ganho editorial claro.	
75	all-page-0075	PARTE II — O CINTURÃO DAS FRESTAS	Geografia da Luz — Cidades e enclaves	narrative	GEOGRAPHY_FLOW	MVP_GOOD	-		Nenhuma ação estrutural; refinar somente se a revisão humana encontrar ganho editorial claro.	
76	all-page-0076	PARTE II — O CINTURÃO DAS FRESTAS	Geografia da Luz — Cidades e enclaves	narrative	GEOGRAPHY_FLOW	MVP_GOOD	-		Nenhuma ação estrutural; refinar somente se a revisão humana encontrar ganho editorial claro.	
77	all-page-0077	PARTE II — O CINTURÃO DAS FRESTAS	Geografia da Luz — Cidades e enclaves	narrative	GEOGRAPHY_FLOW	MVP_GOOD	-		Nenhuma ação estrutural; refinar somente se a revisão humana encontrar ganho editorial claro.	
78	all-page-0078	PARTE II — O CINTURÃO DAS FRESTAS	Geografia da Escuridão — Cidades e enclaves	narrative	GEOGRAPHY_FLOW	MVP_GOOD	-		Nenhuma ação estrutural; refinar somente se a revisão humana encontrar ganho editorial claro.	
79	all-page-0079	PARTE II — O CINTURÃO DAS FRESTAS	Geografia da Escuridão — Cidades e enclaves	narrative	GEOGRAPHY_FLOW	MVP_GOOD	-		Nenhuma ação estrutural; refinar somente se a revisão humana encontrar ganho editorial claro.	
80	all-page-0080	PARTE II — O CINTURÃO DAS FRESTAS	Geografia da Escuridão — Cidades e enclaves	narrative	GEOGRAPHY_FLOW	MANUAL_REVIEW	P2	LOW_FILL_OR_SHORT_COMPOSITION	Verificar ritmo, espaço negativo e eventual arte contextual; não comprimir texto automaticamente.	
81	all-page-0081	PARTE II — O CINTURÃO DAS FRESTAS	Distribuição dos Povos	chapter_opening	IMAGE_TOP	MVP_GOOD	-		Nenhuma ação estrutural; refinar somente se a revisão humana encontrar ganho editorial claro.	1 tabelas
82	all-page-0082	PARTE II — O CINTURÃO DAS FRESTAS	Distribuição dos Povos	narrative	GEOGRAPHY_FLOW	MANUAL_REVIEW	P2	LOW_FILL_OR_SHORT_COMPOSITION	Verificar ritmo, espaço negativo e eventual arte contextual; não comprimir texto automaticamente.	1 tabelas
83	all-page-0083	PARTE II — O CINTURÃO DAS FRESTAS	Tensões Regionais: Aelvari, Kragor, Draken e Nomos	chapter_opening	IMAGE_TOP	MVP_GOOD	-		Nenhuma ação estrutural; refinar somente se a revisão humana encontrar ganho editorial claro.	
84	all-page-0084	PARTE II — O CINTURÃO DAS FRESTAS	Tensões Regionais: Aelvari, Kragor, Draken e Nomos	narrative	TEXT_FEATURE	MANUAL_REVIEW	P2	LOW_FILL_OR_SHORT_COMPOSITION	Verificar ritmo, espaço negativo e eventual arte contextual; não comprimir texto automaticamente.	
85	all-page-0085	PARTE II — O CINTURÃO DAS FRESTAS	Tensões Regionais: Livres, Dóreos, Teriantes, Nimari e Vitrálios	narrative	GEOGRAPHY_FLOW	MANUAL_REVIEW	P2	LOW_FILL_OR_SHORT_COMPOSITION	Verificar ritmo, espaço negativo e eventual arte contextual; não comprimir texto automaticamente.	
86	all-page-0086	PARTE II — O CINTURÃO DAS FRESTAS	Rotas Oficiais	map_page	MAP_PAGE	MVP_GOOD	-		Nenhuma ação estrutural; refinar somente se a revisão humana encontrar ganho editorial claro.	
87	all-page-0087	PARTE II — O CINTURÃO DAS FRESTAS	Rotas Oficiais	narrative	GEOGRAPHY_FLOW	MANUAL_REVIEW	P2	LOW_FILL_OR_SHORT_COMPOSITION	Verificar ritmo, espaço negativo e eventual arte contextual; não comprimir texto automaticamente.	
88	all-page-0088	PARTE II — O CINTURÃO DAS FRESTAS	Rotas Clandestinas e Comércio	map_page	MAP_PAGE	MVP_GOOD	-		Nenhuma ação estrutural; refinar somente se a revisão humana encontrar ganho editorial claro.	
89	all-page-0089	PARTE II — O CINTURÃO DAS FRESTAS	Rotas Clandestinas e Comércio	narrative	GEOGRAPHY_FLOW	MVP_GOOD	-		Nenhuma ação estrutural; refinar somente se a revisão humana encontrar ganho editorial claro.	
90	all-page-0090	PARTE II — O CINTURÃO DAS FRESTAS	As Outras Forças do Cinturão	narrative	GEOGRAPHY_FLOW	MANUAL_REVIEW	P2	LOW_FILL_OR_SHORT_COMPOSITION	Verificar ritmo, espaço negativo e eventual arte contextual; não comprimir texto automaticamente.	
91	all-page-0091	PARTE II — O CINTURÃO DAS FRESTAS	O Estado Político Atual	chapter_opening	GEOGRAPHY_OPENING	MVP_GOOD	-		Nenhuma ação estrutural; refinar somente se a revisão humana encontrar ganho editorial claro.	
92	all-page-0092	PARTE II — O CINTURÃO DAS FRESTAS	O Estado Político Atual	narrative	GEOGRAPHY_FLOW	MVP_GOOD	-		Nenhuma ação estrutural; refinar somente se a revisão humana encontrar ganho editorial claro.	
93	all-page-0093	PARTE II — O CINTURÃO DAS FRESTAS	O que está prestes a acontecer	narrative	GEOGRAPHY_FLOW	MVP_GOOD	-		Nenhuma ação estrutural; refinar somente se a revisão humana encontrar ganho editorial claro.	
94	all-page-0094	PARTE III — POVOS, OFÍCIOS E COMUNIDADES VIVAS	PARTE III — POVOS, OFÍCIOS E COMUNIDADES VIVAS	part_opening	PART_HERO	MVP_GOOD	-		Nenhuma ação estrutural; refinar somente se a revisão humana encontrar ganho editorial claro.	
95	all-page-0095	PARTE III — POVOS, OFÍCIOS E COMUNIDADES VIVAS	PREÂMBULO — O NOME E O CAMINHO	narrative	CULTURE_FLOW	MVP_GOOD	-		Nenhuma ação estrutural; refinar somente se a revisão humana encontrar ganho editorial claro.	
96	all-page-0096	PARTE III — POVOS, OFÍCIOS E COMUNIDADES VIVAS	MOVIMENTO A — POVOS	narrative	CULTURE_FLOW	MANUAL_REVIEW	P2	LOW_FILL_OR_SHORT_COMPOSITION	Verificar ritmo, espaço negativo e eventual arte contextual; não comprimir texto automaticamente.	
97	all-page-0097	PARTE III — POVOS, OFÍCIOS E COMUNIDADES VIVAS	MOVIMENTO A — POVOS	narrative	CULTURE_FLOW	NEEDS_TABLE_REVIEW	P3	TABLE_IN_NARRATIVE_TEMPLATE_REVIEW_SEMANTIC_ROLE	Confirmar manualmente se a tabela compacta deve permanecer integrada ao fluxo ou migrar para composição especializada.	1 tabelas
98	all-page-0098	PARTE III — POVOS, OFÍCIOS E COMUNIDADES VIVAS	MOVIMENTO A — POVOS	chapter_opening	POVO_OPENING	MVP_GOOD	-		Nenhuma ação estrutural; refinar somente se a revisão humana encontrar ganho editorial claro.	
99	all-page-0099	PARTE III — POVOS, OFÍCIOS E COMUNIDADES VIVAS	MOVIMENTO A — POVOS	narrative	CULTURE_FLOW	MVP_GOOD	-		Nenhuma ação estrutural; refinar somente se a revisão humana encontrar ganho editorial claro.	
100	all-page-0100	PARTE III — POVOS, OFÍCIOS E COMUNIDADES VIVAS	MOVIMENTO A — POVOS	narrative	CULTURE_FLOW	MVP_GOOD	-		Nenhuma ação estrutural; refinar somente se a revisão humana encontrar ganho editorial claro.	
101	all-page-0101	PARTE III — POVOS, OFÍCIOS E COMUNIDADES VIVAS	MOVIMENTO A — POVOS	chapter_opening	POVO_OPENING	MVP_GOOD	-		Nenhuma ação estrutural; refinar somente se a revisão humana encontrar ganho editorial claro.	
102	all-page-0102	PARTE III — POVOS, OFÍCIOS E COMUNIDADES VIVAS	MOVIMENTO A — POVOS	narrative	CULTURE_FLOW	MVP_GOOD	-		Nenhuma ação estrutural; refinar somente se a revisão humana encontrar ganho editorial claro.	
103	all-page-0103	PARTE III — POVOS, OFÍCIOS E COMUNIDADES VIVAS	MOVIMENTO A — POVOS	narrative	CULTURE_FLOW	MVP_GOOD	-		Nenhuma ação estrutural; refinar somente se a revisão humana encontrar ganho editorial claro.	
104	all-page-0104	PARTE III — POVOS, OFÍCIOS E COMUNIDADES VIVAS	MOVIMENTO A — POVOS	narrative	CULTURE_FLOW	MANUAL_REVIEW	P2	LOW_FILL_OR_SHORT_COMPOSITION	Verificar ritmo, espaço negativo e eventual arte contextual; não comprimir texto automaticamente.	
105	all-page-0105	PARTE III — POVOS, OFÍCIOS E COMUNIDADES VIVAS	MOVIMENTO A — POVOS	chapter_opening	POVO_OPENING	MVP_GOOD	-		Nenhuma ação estrutural; refinar somente se a revisão humana encontrar ganho editorial claro.	
106	all-page-0106	PARTE III — POVOS, OFÍCIOS E COMUNIDADES VIVAS	MOVIMENTO A — POVOS	narrative	CULTURE_FLOW	MVP_GOOD	-		Nenhuma ação estrutural; refinar somente se a revisão humana encontrar ganho editorial claro.	
107	all-page-0107	PARTE III — POVOS, OFÍCIOS E COMUNIDADES VIVAS	MOVIMENTO A — POVOS	narrative	CULTURE_FLOW	MVP_GOOD	-		Nenhuma ação estrutural; refinar somente se a revisão humana encontrar ganho editorial claro.	
108	all-page-0108	PARTE III — POVOS, OFÍCIOS E COMUNIDADES VIVAS	MOVIMENTO A — POVOS	chapter_opening	POVO_OPENING	MVP_GOOD	-		Nenhuma ação estrutural; refinar somente se a revisão humana encontrar ganho editorial claro.	
109	all-page-0109	PARTE III — POVOS, OFÍCIOS E COMUNIDADES VIVAS	MOVIMENTO A — POVOS	narrative	CULTURE_FLOW	MVP_GOOD	-		Nenhuma ação estrutural; refinar somente se a revisão humana encontrar ganho editorial claro.	
110	all-page-0110	PARTE III — POVOS, OFÍCIOS E COMUNIDADES VIVAS	MOVIMENTO A — POVOS	narrative	CULTURE_FLOW	MVP_GOOD	-		Nenhuma ação estrutural; refinar somente se a revisão humana encontrar ganho editorial claro.	
111	all-page-0111	PARTE III — POVOS, OFÍCIOS E COMUNIDADES VIVAS	MOVIMENTO A — POVOS	narrative	CULTURE_FLOW	MVP_GOOD	-		Nenhuma ação estrutural; refinar somente se a revisão humana encontrar ganho editorial claro.	
112	all-page-0112	PARTE III — POVOS, OFÍCIOS E COMUNIDADES VIVAS	MOVIMENTO A — POVOS	chapter_opening	POVO_OPENING	MVP_GOOD	-		Nenhuma ação estrutural; refinar somente se a revisão humana encontrar ganho editorial claro.	
113	all-page-0113	PARTE III — POVOS, OFÍCIOS E COMUNIDADES VIVAS	MOVIMENTO A — POVOS	narrative	CULTURE_FLOW	MVP_GOOD	-		Nenhuma ação estrutural; refinar somente se a revisão humana encontrar ganho editorial claro.	
114	all-page-0114	PARTE III — POVOS, OFÍCIOS E COMUNIDADES VIVAS	MOVIMENTO A — POVOS	narrative	CULTURE_FLOW	MANUAL_REVIEW	P2	LOW_FILL_OR_SHORT_COMPOSITION	Verificar ritmo, espaço negativo e eventual arte contextual; não comprimir texto automaticamente.	
115	all-page-0115	PARTE III — POVOS, OFÍCIOS E COMUNIDADES VIVAS	MOVIMENTO A — POVOS	chapter_opening	POVO_OPENING	MVP_GOOD	-		Nenhuma ação estrutural; refinar somente se a revisão humana encontrar ganho editorial claro.	
116	all-page-0116	PARTE III — POVOS, OFÍCIOS E COMUNIDADES VIVAS	MOVIMENTO A — POVOS	narrative	CULTURE_FLOW	MVP_GOOD	-		Nenhuma ação estrutural; refinar somente se a revisão humana encontrar ganho editorial claro.	
117	all-page-0117	PARTE III — POVOS, OFÍCIOS E COMUNIDADES VIVAS	MOVIMENTO A — POVOS	narrative	CULTURE_FLOW	MVP_GOOD	-		Nenhuma ação estrutural; refinar somente se a revisão humana encontrar ganho editorial claro.	
118	all-page-0118	PARTE III — POVOS, OFÍCIOS E COMUNIDADES VIVAS	MOVIMENTO A — POVOS	chapter_opening	POVO_OPENING	MVP_GOOD	-		Nenhuma ação estrutural; refinar somente se a revisão humana encontrar ganho editorial claro.	
119	all-page-0119	PARTE III — POVOS, OFÍCIOS E COMUNIDADES VIVAS	MOVIMENTO A — POVOS	narrative	CULTURE_FLOW	MVP_GOOD	-		Nenhuma ação estrutural; refinar somente se a revisão humana encontrar ganho editorial claro.	
120	all-page-0120	PARTE III — POVOS, OFÍCIOS E COMUNIDADES VIVAS	MOVIMENTO A — POVOS	narrative	CULTURE_FLOW	MANUAL_REVIEW	P2	LOW_FILL_OR_SHORT_COMPOSITION	Verificar ritmo, espaço negativo e eventual arte contextual; não comprimir texto automaticamente.	
121	all-page-0121	PARTE III — POVOS, OFÍCIOS E COMUNIDADES VIVAS	MOVIMENTO A — POVOS	chapter_opening	POVO_OPENING	MVP_GOOD	-		Nenhuma ação estrutural; refinar somente se a revisão humana encontrar ganho editorial claro.	
122	all-page-0122	PARTE III — POVOS, OFÍCIOS E COMUNIDADES VIVAS	MOVIMENTO A — POVOS	narrative	CULTURE_FLOW	MVP_GOOD	-		Nenhuma ação estrutural; refinar somente se a revisão humana encontrar ganho editorial claro.	
123	all-page-0123	PARTE III — POVOS, OFÍCIOS E COMUNIDADES VIVAS	MOVIMENTO A — POVOS	narrative	CULTURE_FLOW	MVP_GOOD	-		Nenhuma ação estrutural; refinar somente se a revisão humana encontrar ganho editorial claro.	
124	all-page-0124	PARTE III — POVOS, OFÍCIOS E COMUNIDADES VIVAS	MOVIMENTO A — POVOS	narrative	CULTURE_FLOW	MANUAL_REVIEW	P2	LOW_FILL_OR_SHORT_COMPOSITION	Verificar ritmo, espaço negativo e eventual arte contextual; não comprimir texto automaticamente.	
125	all-page-0125	PARTE III — POVOS, OFÍCIOS E COMUNIDADES VIVAS	MOVIMENTO A — POVOS	chapter_opening	POVO_OPENING	MVP_GOOD	-		Nenhuma ação estrutural; refinar somente se a revisão humana encontrar ganho editorial claro.	
126	all-page-0126	PARTE III — POVOS, OFÍCIOS E COMUNIDADES VIVAS	MOVIMENTO A — POVOS	narrative	CULTURE_FLOW	MVP_GOOD	-		Nenhuma ação estrutural; refinar somente se a revisão humana encontrar ganho editorial claro.	
127	all-page-0127	PARTE III — POVOS, OFÍCIOS E COMUNIDADES VIVAS	MOVIMENTO A — POVOS	narrative	CULTURE_FLOW	MVP_GOOD	-		Nenhuma ação estrutural; refinar somente se a revisão humana encontrar ganho editorial claro.	
128	all-page-0128	PARTE III — POVOS, OFÍCIOS E COMUNIDADES VIVAS	MOVIMENTO A — POVOS	narrative	CULTURE_FLOW	MVP_GOOD	-		Nenhuma ação estrutural; refinar somente se a revisão humana encontrar ganho editorial claro.	
129	all-page-0129	PARTE III — POVOS, OFÍCIOS E COMUNIDADES VIVAS	MOVIMENTO B — OFÍCIOS	chapter_opening	OFICIO_CULTURAL_OPENING	MVP_GOOD	-		Nenhuma ação estrutural; refinar somente se a revisão humana encontrar ganho editorial claro.	
130	all-page-0129-continuation	PARTE III — POVOS, OFÍCIOS E COMUNIDADES VIVAS	MOVIMENTO B — OFÍCIOS	narrative	CULTURE_FLOW	MANUAL_REVIEW	P2	LOW_FILL_OR_SHORT_COMPOSITION	Verificar ritmo, espaço negativo e eventual arte contextual; não comprimir texto automaticamente.	
131	all-page-0130	PARTE III — POVOS, OFÍCIOS E COMUNIDADES VIVAS	MOVIMENTO B — OFÍCIOS	narrative	CULTURE_FLOW	NEEDS_TABLE_REVIEW	P3	TABLE_IN_NARRATIVE_TEMPLATE_REVIEW_SEMANTIC_ROLE	Confirmar manualmente se a tabela compacta deve permanecer integrada ao fluxo ou migrar para composição especializada.	1 tabelas
132	all-page-0131	PARTE III — POVOS, OFÍCIOS E COMUNIDADES VIVAS	MOVIMENTO B — OFÍCIOS	narrative	CULTURE_FLOW	NEEDS_TABLE_REVIEW	P3	TABLE_IN_NARRATIVE_TEMPLATE_REVIEW_SEMANTIC_ROLE	Confirmar manualmente se a tabela compacta deve permanecer integrada ao fluxo ou migrar para composição especializada.	1 tabelas
133	all-page-0132	PARTE III — POVOS, OFÍCIOS E COMUNIDADES VIVAS	MOVIMENTO B — OFÍCIOS	narrative	CULTURE_FLOW	NEEDS_TABLE_REVIEW	P3	TABLE_IN_NARRATIVE_TEMPLATE_REVIEW_SEMANTIC_ROLE	Confirmar manualmente se a tabela compacta deve permanecer integrada ao fluxo ou migrar para composição especializada.	1 tabelas
134	all-page-0133	PARTE III — POVOS, OFÍCIOS E COMUNIDADES VIVAS	MOVIMENTO B — OFÍCIOS	chapter_opening	OFICIO_CULTURAL_OPENING	MVP_GOOD	-		Nenhuma ação estrutural; refinar somente se a revisão humana encontrar ganho editorial claro.	
135	all-page-0134	PARTE III — POVOS, OFÍCIOS E COMUNIDADES VIVAS	MOVIMENTO B — OFÍCIOS	narrative	CULTURE_FLOW	MVP_GOOD	-		Nenhuma ação estrutural; refinar somente se a revisão humana encontrar ganho editorial claro.	
136	all-page-0135	PARTE III — POVOS, OFÍCIOS E COMUNIDADES VIVAS	MOVIMENTO B — OFÍCIOS	narrative	CULTURE_FLOW	NEEDS_TABLE_REVIEW	P3	TABLE_IN_NARRATIVE_TEMPLATE_REVIEW_SEMANTIC_ROLE	Confirmar manualmente se a tabela compacta deve permanecer integrada ao fluxo ou migrar para composição especializada.	1 tabelas
137	all-page-0136	PARTE III — POVOS, OFÍCIOS E COMUNIDADES VIVAS	MOVIMENTO B — OFÍCIOS	chapter_opening	OFICIO_CULTURAL_OPENING	MVP_GOOD	-		Nenhuma ação estrutural; refinar somente se a revisão humana encontrar ganho editorial claro.	
138	all-page-0137	PARTE III — POVOS, OFÍCIOS E COMUNIDADES VIVAS	MOVIMENTO B — OFÍCIOS	narrative	CULTURE_FLOW	MVP_GOOD	-		Nenhuma ação estrutural; refinar somente se a revisão humana encontrar ganho editorial claro.	
139	all-page-0138	PARTE III — POVOS, OFÍCIOS E COMUNIDADES VIVAS	MOVIMENTO B — OFÍCIOS	narrative	CULTURE_FLOW	NEEDS_TABLE_REVIEW	P3	TABLE_IN_NARRATIVE_TEMPLATE_REVIEW_SEMANTIC_ROLE	Confirmar manualmente se a tabela compacta deve permanecer integrada ao fluxo ou migrar para composição especializada.	1 tabelas
140	all-page-0139	PARTE III — POVOS, OFÍCIOS E COMUNIDADES VIVAS	MOVIMENTO B — OFÍCIOS	chapter_opening	OFICIO_CULTURAL_OPENING	MVP_GOOD	-		Nenhuma ação estrutural; refinar somente se a revisão humana encontrar ganho editorial claro.	
141	all-page-0140	PARTE III — POVOS, OFÍCIOS E COMUNIDADES VIVAS	MOVIMENTO B — OFÍCIOS	narrative	CULTURE_FLOW	MVP_GOOD	-		Nenhuma ação estrutural; refinar somente se a revisão humana encontrar ganho editorial claro.	
142	all-page-0141	PARTE III — POVOS, OFÍCIOS E COMUNIDADES VIVAS	MOVIMENTO B — OFÍCIOS	narrative	CULTURE_FLOW	NEEDS_TABLE_REVIEW	P3	TABLE_IN_NARRATIVE_TEMPLATE_REVIEW_SEMANTIC_ROLE	Confirmar manualmente se a tabela compacta deve permanecer integrada ao fluxo ou migrar para composição especializada.	1 tabelas
143	all-page-0142	PARTE III — POVOS, OFÍCIOS E COMUNIDADES VIVAS	MOVIMENTO B — OFÍCIOS	chapter_opening	OFICIO_CULTURAL_OPENING	MVP_GOOD	-		Nenhuma ação estrutural; refinar somente se a revisão humana encontrar ganho editorial claro.	
144	all-page-0143	PARTE III — POVOS, OFÍCIOS E COMUNIDADES VIVAS	MOVIMENTO B — OFÍCIOS	narrative	CULTURE_FLOW	MVP_GOOD	-		Nenhuma ação estrutural; refinar somente se a revisão humana encontrar ganho editorial claro.	
145	all-page-0144	PARTE III — POVOS, OFÍCIOS E COMUNIDADES VIVAS	MOVIMENTO B — OFÍCIOS	narrative	CULTURE_FLOW	NEEDS_TABLE_REVIEW	P3	TABLE_IN_NARRATIVE_TEMPLATE_REVIEW_SEMANTIC_ROLE	Confirmar manualmente se a tabela compacta deve permanecer integrada ao fluxo ou migrar para composição especializada.	1 tabelas
146	all-page-0145	PARTE III — POVOS, OFÍCIOS E COMUNIDADES VIVAS	MOVIMENTO B — OFÍCIOS	chapter_opening	OFICIO_CULTURAL_OPENING	MVP_GOOD	-		Nenhuma ação estrutural; refinar somente se a revisão humana encontrar ganho editorial claro.	
147	all-page-0146	PARTE III — POVOS, OFÍCIOS E COMUNIDADES VIVAS	MOVIMENTO B — OFÍCIOS	narrative	CULTURE_FLOW	MVP_GOOD	-		Nenhuma ação estrutural; refinar somente se a revisão humana encontrar ganho editorial claro.	
148	all-page-0147	PARTE III — POVOS, OFÍCIOS E COMUNIDADES VIVAS	MOVIMENTO B — OFÍCIOS	narrative	CULTURE_FLOW	MANUAL_REVIEW	P2	LOW_FILL_OR_SHORT_COMPOSITION	Verificar ritmo, espaço negativo e eventual arte contextual; não comprimir texto automaticamente.	
149	all-page-0148	PARTE III — POVOS, OFÍCIOS E COMUNIDADES VIVAS	MOVIMENTO B — OFÍCIOS	narrative	CULTURE_FLOW	NEEDS_TABLE_REVIEW	P3	TABLE_IN_NARRATIVE_TEMPLATE_REVIEW_SEMANTIC_ROLE	Confirmar manualmente se a tabela compacta deve permanecer integrada ao fluxo ou migrar para composição especializada.	1 tabelas
150	all-page-0149	PARTE III — POVOS, OFÍCIOS E COMUNIDADES VIVAS	MOVIMENTO B — OFÍCIOS	chapter_opening	OFICIO_CULTURAL_OPENING	MVP_GOOD	-		Nenhuma ação estrutural; refinar somente se a revisão humana encontrar ganho editorial claro.	
151	all-page-0150	PARTE III — POVOS, OFÍCIOS E COMUNIDADES VIVAS	MOVIMENTO B — OFÍCIOS	narrative	CULTURE_FLOW	MVP_GOOD	-		Nenhuma ação estrutural; refinar somente se a revisão humana encontrar ganho editorial claro.	
152	all-page-0151	PARTE III — POVOS, OFÍCIOS E COMUNIDADES VIVAS	MOVIMENTO B — OFÍCIOS	narrative	CULTURE_FLOW	NEEDS_TABLE_REVIEW	P3	TABLE_IN_NARRATIVE_TEMPLATE_REVIEW_SEMANTIC_ROLE	Confirmar manualmente se a tabela compacta deve permanecer integrada ao fluxo ou migrar para composição especializada.	1 tabelas
153	all-page-0152	PARTE III — POVOS, OFÍCIOS E COMUNIDADES VIVAS	MOVIMENTO B — OFÍCIOS	chapter_opening	OFICIO_CULTURAL_OPENING	MVP_GOOD	-		Nenhuma ação estrutural; refinar somente se a revisão humana encontrar ganho editorial claro.	
154	all-page-0153	PARTE III — POVOS, OFÍCIOS E COMUNIDADES VIVAS	MOVIMENTO B — OFÍCIOS	narrative	CULTURE_FLOW	MVP_GOOD	-		Nenhuma ação estrutural; refinar somente se a revisão humana encontrar ganho editorial claro.	
155	all-page-0154	PARTE III — POVOS, OFÍCIOS E COMUNIDADES VIVAS	MOVIMENTO B — OFÍCIOS	narrative	CULTURE_FLOW	NEEDS_TABLE_REVIEW	P3	TABLE_IN_NARRATIVE_TEMPLATE_REVIEW_SEMANTIC_ROLE	Confirmar manualmente se a tabela compacta deve permanecer integrada ao fluxo ou migrar para composição especializada.	1 tabelas
156	all-page-0155	PARTE III — POVOS, OFÍCIOS E COMUNIDADES VIVAS	MOVIMENTO B — OFÍCIOS	chapter_opening	OFICIO_CULTURAL_OPENING	MVP_GOOD	-		Nenhuma ação estrutural; refinar somente se a revisão humana encontrar ganho editorial claro.	
157	all-page-0156	PARTE III — POVOS, OFÍCIOS E COMUNIDADES VIVAS	MOVIMENTO B — OFÍCIOS	narrative	CULTURE_FLOW	MVP_GOOD	-		Nenhuma ação estrutural; refinar somente se a revisão humana encontrar ganho editorial claro.	
158	all-page-0157	PARTE III — POVOS, OFÍCIOS E COMUNIDADES VIVAS	MOVIMENTO B — OFÍCIOS	narrative	CULTURE_FLOW	NEEDS_TABLE_REVIEW	P3	TABLE_IN_NARRATIVE_TEMPLATE_REVIEW_SEMANTIC_ROLE	Confirmar manualmente se a tabela compacta deve permanecer integrada ao fluxo ou migrar para composição especializada.	1 tabelas
159	all-page-0158	PARTE III — POVOS, OFÍCIOS E COMUNIDADES VIVAS	MOVIMENTO B — OFÍCIOS	narrative	CULTURE_FLOW	MVP_GOOD	-		Nenhuma ação estrutural; refinar somente se a revisão humana encontrar ganho editorial claro.	
160	all-page-0159	PARTE III — POVOS, OFÍCIOS E COMUNIDADES VIVAS	MOVIMENTO B — OFÍCIOS	narrative	CULTURE_FLOW	MVP_GOOD	-		Nenhuma ação estrutural; refinar somente se a revisão humana encontrar ganho editorial claro.	
161	all-page-0160	PARTE III — POVOS, OFÍCIOS E COMUNIDADES VIVAS	MOVIMENTO B — OFÍCIOS	chapter_opening	SIDE_ART_RIGHT	MVP_GOOD	-		Nenhuma ação estrutural; refinar somente se a revisão humana encontrar ganho editorial claro.	
162	all-page-0161	PARTE III — POVOS, OFÍCIOS E COMUNIDADES VIVAS	MOVIMENTO C — COMUNIDADES VIVAS	chapter_opening	SIDE_ART_RIGHT	MVP_GOOD	-		Nenhuma ação estrutural; refinar somente se a revisão humana encontrar ganho editorial claro.	
163	all-page-0162	PARTE III — POVOS, OFÍCIOS E COMUNIDADES VIVAS	MOVIMENTO C — COMUNIDADES VIVAS	narrative	CULTURE_FLOW	MANUAL_REVIEW	P2	LOW_FILL_OR_SHORT_COMPOSITION	Verificar ritmo, espaço negativo e eventual arte contextual; não comprimir texto automaticamente.	
164	all-page-0163	PARTE III — POVOS, OFÍCIOS E COMUNIDADES VIVAS	MOVIMENTO C — COMUNIDADES VIVAS	chapter_opening	PEDRALMA_OPENING	MVP_GOOD	-		Nenhuma ação estrutural; refinar somente se a revisão humana encontrar ganho editorial claro.	
165	all-page-0164	PARTE III — POVOS, OFÍCIOS E COMUNIDADES VIVAS	MOVIMENTO C — COMUNIDADES VIVAS	narrative	CULTURE_FLOW	MVP_GOOD	-		Nenhuma ação estrutural; refinar somente se a revisão humana encontrar ganho editorial claro.	
166	all-page-0165	PARTE III — POVOS, OFÍCIOS E COMUNIDADES VIVAS	MOVIMENTO C — COMUNIDADES VIVAS	narrative	CULTURE_FLOW	MVP_GOOD	-		Nenhuma ação estrutural; refinar somente se a revisão humana encontrar ganho editorial claro.	
167	all-page-0166	PARTE III — POVOS, OFÍCIOS E COMUNIDADES VIVAS	MOVIMENTO C — COMUNIDADES VIVAS	chapter_opening	PEDRALMA_OPENING	MVP_GOOD	-		Nenhuma ação estrutural; refinar somente se a revisão humana encontrar ganho editorial claro.	
168	all-page-0167	PARTE III — POVOS, OFÍCIOS E COMUNIDADES VIVAS	MOVIMENTO C — COMUNIDADES VIVAS	chapter_opening	IMAGE_TOP	MVP_GOOD	-		Nenhuma ação estrutural; refinar somente se a revisão humana encontrar ganho editorial claro.	
169	all-page-0168	PARTE III — POVOS, OFÍCIOS E COMUNIDADES VIVAS	MOVIMENTO C — COMUNIDADES VIVAS	narrative	CULTURE_FLOW	MVP_GOOD	-		Nenhuma ação estrutural; refinar somente se a revisão humana encontrar ganho editorial claro.	
170	all-page-0169	PARTE III — POVOS, OFÍCIOS E COMUNIDADES VIVAS	MOVIMENTO C — COMUNIDADES VIVAS	narrative	CULTURE_FLOW	MVP_GOOD	-		Nenhuma ação estrutural; refinar somente se a revisão humana encontrar ganho editorial claro.	
171	all-page-0170	PARTE III — POVOS, OFÍCIOS E COMUNIDADES VIVAS	MOVIMENTO C — COMUNIDADES VIVAS	narrative	CULTURE_FLOW	MVP_GOOD	-		Nenhuma ação estrutural; refinar somente se a revisão humana encontrar ganho editorial claro.	
172	all-page-0171	PARTE III — POVOS, OFÍCIOS E COMUNIDADES VIVAS	MOVIMENTO C — COMUNIDADES VIVAS	narrative	CULTURE_FLOW	MVP_GOOD	-		Nenhuma ação estrutural; refinar somente se a revisão humana encontrar ganho editorial claro.	
173	all-page-0172	PARTE III — POVOS, OFÍCIOS E COMUNIDADES VIVAS	MOVIMENTO C — COMUNIDADES VIVAS	narrative	CULTURE_FLOW	MVP_GOOD	-		Nenhuma ação estrutural; refinar somente se a revisão humana encontrar ganho editorial claro.	
174	all-page-0173	PARTE III — POVOS, OFÍCIOS E COMUNIDADES VIVAS	MOVIMENTO C — COMUNIDADES VIVAS	narrative	CULTURE_FLOW	MVP_GOOD	-		Nenhuma ação estrutural; refinar somente se a revisão humana encontrar ganho editorial claro.	
175	all-page-0174	PARTE III — POVOS, OFÍCIOS E COMUNIDADES VIVAS	MOVIMENTO C — COMUNIDADES VIVAS	narrative	CULTURE_FLOW	MVP_GOOD	-		Nenhuma ação estrutural; refinar somente se a revisão humana encontrar ganho editorial claro.	
176	all-page-0175	PARTE III — POVOS, OFÍCIOS E COMUNIDADES VIVAS	MOVIMENTO C — COMUNIDADES VIVAS	narrative	CULTURE_FLOW	MVP_GOOD	-		Nenhuma ação estrutural; refinar somente se a revisão humana encontrar ganho editorial claro.	
177	all-page-0176	PARTE III — POVOS, OFÍCIOS E COMUNIDADES VIVAS	MOVIMENTO C — COMUNIDADES VIVAS	narrative	CULTURE_FLOW	MVP_GOOD	-		Nenhuma ação estrutural; refinar somente se a revisão humana encontrar ganho editorial claro.	
178	all-page-0177	PARTE III — POVOS, OFÍCIOS E COMUNIDADES VIVAS	MOVIMENTO C — COMUNIDADES VIVAS	narrative	CULTURE_FLOW	MVP_GOOD	-		Nenhuma ação estrutural; refinar somente se a revisão humana encontrar ganho editorial claro.	
179	all-page-0178	PARTE III — POVOS, OFÍCIOS E COMUNIDADES VIVAS	MOVIMENTO C — COMUNIDADES VIVAS	narrative	CULTURE_FLOW	MVP_GOOD	-		Nenhuma ação estrutural; refinar somente se a revisão humana encontrar ganho editorial claro.	
180	all-page-0179	PARTE III — POVOS, OFÍCIOS E COMUNIDADES VIVAS	MOVIMENTO C — COMUNIDADES VIVAS	chapter_opening	IMAGE_TOP	MVP_GOOD	-		Nenhuma ação estrutural; refinar somente se a revisão humana encontrar ganho editorial claro.	
181	all-page-0180	PARTE III — POVOS, OFÍCIOS E COMUNIDADES VIVAS	MOVIMENTO C — COMUNIDADES VIVAS	narrative	CULTURE_FLOW	MVP_GOOD	-		Nenhuma ação estrutural; refinar somente se a revisão humana encontrar ganho editorial claro.	
182	all-page-0181	PARTE III — POVOS, OFÍCIOS E COMUNIDADES VIVAS	MOVIMENTO C — COMUNIDADES VIVAS	narrative	CULTURE_FLOW	MVP_GOOD	-		Nenhuma ação estrutural; refinar somente se a revisão humana encontrar ganho editorial claro.	
183	all-page-0182	PARTE III — POVOS, OFÍCIOS E COMUNIDADES VIVAS	MOVIMENTO C — COMUNIDADES VIVAS	narrative	CULTURE_FLOW	MVP_GOOD	-		Nenhuma ação estrutural; refinar somente se a revisão humana encontrar ganho editorial claro.	
184	all-page-0183	PARTE III — POVOS, OFÍCIOS E COMUNIDADES VIVAS	MOVIMENTO C — COMUNIDADES VIVAS	narrative	CULTURE_FLOW	MVP_GOOD	-		Nenhuma ação estrutural; refinar somente se a revisão humana encontrar ganho editorial claro.	
185	all-page-0184	PARTE III — POVOS, OFÍCIOS E COMUNIDADES VIVAS	MOVIMENTO C — COMUNIDADES VIVAS	narrative	CULTURE_FLOW	MVP_GOOD	-		Nenhuma ação estrutural; refinar somente se a revisão humana encontrar ganho editorial claro.	
186	all-page-0185	PARTE III — POVOS, OFÍCIOS E COMUNIDADES VIVAS	MOVIMENTO C — COMUNIDADES VIVAS	narrative	CULTURE_FLOW	MVP_GOOD	-		Nenhuma ação estrutural; refinar somente se a revisão humana encontrar ganho editorial claro.	
187	all-page-0186	PARTE III — POVOS, OFÍCIOS E COMUNIDADES VIVAS	MOVIMENTO C — COMUNIDADES VIVAS	narrative	CULTURE_FLOW	MVP_GOOD	-		Nenhuma ação estrutural; refinar somente se a revisão humana encontrar ganho editorial claro.	
188	all-page-0187	PARTE III — POVOS, OFÍCIOS E COMUNIDADES VIVAS	MOVIMENTO C — COMUNIDADES VIVAS	narrative	CULTURE_FLOW	MVP_GOOD	-		Nenhuma ação estrutural; refinar somente se a revisão humana encontrar ganho editorial claro.	
189	all-page-0188	PARTE III — POVOS, OFÍCIOS E COMUNIDADES VIVAS	MOVIMENTO C — COMUNIDADES VIVAS	chapter_opening	FINAL_CLOSURE	MVP_GOOD	-		Nenhuma ação estrutural; refinar somente se a revisão humana encontrar ganho editorial claro.	
190	all-page-0189	PARTE IV — VELARIM	PARTE IV — VELARIM	part_opening	PART_HERO	MVP_GOOD	-		Nenhuma ação estrutural; refinar somente se a revisão humana encontrar ganho editorial claro.	
191	all-page-0190	PARTE IV — VELARIM	Som, ortografia e pronúncia	narrative	TEXT_FLOW	MANUAL_REVIEW	P2	LOW_FILL_OR_SHORT_COMPOSITION	Verificar ritmo, espaço negativo e eventual arte contextual; não comprimir texto automaticamente.	
192	all-page-0191	PARTE IV — VELARIM	Som, ortografia e pronúncia	narrative	TEXT_FLOW	NEEDS_TABLE_REVIEW	P3	TABLE_IN_NARRATIVE_TEMPLATE_REVIEW_SEMANTIC_ROLE	Confirmar manualmente se a tabela compacta deve permanecer integrada ao fluxo ou migrar para composição especializada.	2 tabelas
193	all-page-0192	PARTE IV — VELARIM	Som, ortografia e pronúncia	chapter_opening	IMAGE_TOP	MVP_GOOD	-		Nenhuma ação estrutural; refinar somente se a revisão humana encontrar ganho editorial claro.	
194	all-page-0193	PARTE IV — VELARIM	O QUE É VELARIM	narrative	TEXT_FLOW	NEEDS_TABLE_REVIEW	P3	TABLE_IN_NARRATIVE_TEMPLATE_REVIEW_SEMANTIC_ROLE	Confirmar manualmente se a tabela compacta deve permanecer integrada ao fluxo ou migrar para composição especializada.	1 tabelas
195	all-page-0194	PARTE IV — VELARIM	VELARIM EM DEZ REGRAS	narrative	TEXT_FLOW	MVP_GOOD	-		Nenhuma ação estrutural; refinar somente se a revisão humana encontrar ganho editorial claro.	
196	all-page-0195	PARTE IV — VELARIM	SOM E ESCRITA	narrative	TEXT_FLOW	NEEDS_TABLE_REVIEW	P3	TABLE_IN_NARRATIVE_TEMPLATE_REVIEW_SEMANTIC_ROLE	Confirmar manualmente se a tabela compacta deve permanecer integrada ao fluxo ou migrar para composição especializada.	1 tabelas
197	all-page-0196	PARTE IV — VELARIM	NOMES, PRONOMES E GRUPOS NOMINAIS	narrative	TEXT_FLOW	NEEDS_TABLE_REVIEW	P3	TABLE_IN_NARRATIVE_TEMPLATE_REVIEW_SEMANTIC_ROLE	Confirmar manualmente se a tabela compacta deve permanecer integrada ao fluxo ou migrar para composição especializada.	1 tabelas
198	all-page-0197	PARTE IV — VELARIM	RELAÇÕES E PREPOSIÇÕES	narrative	TEXT_FLOW	NEEDS_TABLE_REVIEW	P3	TABLE_IN_NARRATIVE_TEMPLATE_REVIEW_SEMANTIC_ROLE	Confirmar manualmente se a tabela compacta deve permanecer integrada ao fluxo ou migrar para composição especializada.	2 tabelas
199	all-page-0198	PARTE IV — VELARIM	VERBOS, ASPECTO E MODALIDADE	narrative	TEXT_FLOW	NEEDS_TABLE_REVIEW	P3	TABLE_IN_NARRATIVE_TEMPLATE_REVIEW_SEMANTIC_ROLE	Confirmar manualmente se a tabela compacta deve permanecer integrada ao fluxo ou migrar para composição especializada.	3 tabelas
200	all-page-0199	PARTE IV — VELARIM	AS TRÊS ORDENS	narrative	TEXT_FLOW	NEEDS_TABLE_REVIEW	P3	TABLE_IN_NARRATIVE_TEMPLATE_REVIEW_SEMANTIC_ROLE	Confirmar manualmente se a tabela compacta deve permanecer integrada ao fluxo ou migrar para composição especializada.	1 tabelas
201	all-page-0200	PARTE IV — VELARIM	CONECTORES E FRASES COMPLEXAS	narrative	TEXT_FLOW	MANUAL_REVIEW	P2	LOW_FILL_OR_SHORT_COMPOSITION	Verificar ritmo, espaço negativo e eventual arte contextual; não comprimir texto automaticamente.	1 tabelas
202	all-page-0201	PARTE IV — VELARIM	MORFOLOGIA PRODUTIVA	narrative	TEXT_FLOW	NEEDS_TABLE_REVIEW	P3	TABLE_IN_NARRATIVE_TEMPLATE_REVIEW_SEMANTIC_ROLE	Confirmar manualmente se a tabela compacta deve permanecer integrada ao fluxo ou migrar para composição especializada.	1 tabelas
203	all-page-0202	PARTE IV — VELARIM	AGÊNCIA, CONSENTIMENTO E SOMBRA	narrative	TEXT_FLOW	MVP_GOOD	-		Nenhuma ação estrutural; refinar somente se a revisão humana encontrar ganho editorial claro.	
204	all-page-0203	PARTE IV — VELARIM	DICIONÁRIO CONVERSACIONAL 2.0 — EXPANSÃO DE MESA	narrative	TEXT_FLOW	MANUAL_REVIEW	P2	LOW_FILL_OR_SHORT_COMPOSITION	Verificar ritmo, espaço negativo e eventual arte contextual; não comprimir texto automaticamente.	
205	all-page-0204	PARTE IV — VELARIM	DICIONÁRIO CONVERSACIONAL 2.0 — EXPANSÃO DE MESA	narrative	TEXT_FLOW	NEEDS_TABLE_REVIEW	P3	TABLE_IN_NARRATIVE_TEMPLATE_REVIEW_SEMANTIC_ROLE	Confirmar manualmente se a tabela compacta deve permanecer integrada ao fluxo ou migrar para composição especializada.	1 tabelas
206	all-page-0205	PARTE IV — VELARIM	DICIONÁRIO CONVERSACIONAL 2.0 — EXPANSÃO DE MESA	narrative	TEXT_FLOW	NEEDS_TABLE_REVIEW	P3	TABLE_IN_NARRATIVE_TEMPLATE_REVIEW_SEMANTIC_ROLE	Confirmar manualmente se a tabela compacta deve permanecer integrada ao fluxo ou migrar para composição especializada.	2 tabelas
207	all-page-0206	PARTE IV — VELARIM	DICIONÁRIO CONVERSACIONAL 2.0 — EXPANSÃO DE MESA	narrative	TEXT_FLOW	NEEDS_TABLE_REVIEW	P3	TABLE_IN_NARRATIVE_TEMPLATE_REVIEW_SEMANTIC_ROLE	Confirmar manualmente se a tabela compacta deve permanecer integrada ao fluxo ou migrar para composição especializada.	1 tabelas
208	all-page-0207	PARTE IV — VELARIM	DICIONÁRIO CONVERSACIONAL 2.0 — EXPANSÃO DE MESA	narrative	TEXT_FLOW	NEEDS_TABLE_REVIEW	P3	TABLE_IN_NARRATIVE_TEMPLATE_REVIEW_SEMANTIC_ROLE	Confirmar manualmente se a tabela compacta deve permanecer integrada ao fluxo ou migrar para composição especializada.	1 tabelas
209	all-page-0208	PARTE IV — VELARIM	DICIONÁRIO CONVERSACIONAL 2.0 — EXPANSÃO DE MESA	narrative	TEXT_FLOW	NEEDS_TABLE_REVIEW	P3	TABLE_IN_NARRATIVE_TEMPLATE_REVIEW_SEMANTIC_ROLE	Confirmar manualmente se a tabela compacta deve permanecer integrada ao fluxo ou migrar para composição especializada.	2 tabelas
210	all-page-0209	PARTE IV — VELARIM	DICIONÁRIO CONVERSACIONAL 2.0 — EXPANSÃO DE MESA	narrative	TEXT_FLOW	NEEDS_TABLE_REVIEW	P3	TABLE_IN_NARRATIVE_TEMPLATE_REVIEW_SEMANTIC_ROLE	Confirmar manualmente se a tabela compacta deve permanecer integrada ao fluxo ou migrar para composição especializada.	2 tabelas
211	all-page-0210	PARTE IV — VELARIM	DICIONÁRIO CONVERSACIONAL 2.0 — EXPANSÃO DE MESA	narrative	TEXT_FLOW	NEEDS_TABLE_REVIEW	P3	TABLE_IN_NARRATIVE_TEMPLATE_REVIEW_SEMANTIC_ROLE	Confirmar manualmente se a tabela compacta deve permanecer integrada ao fluxo ou migrar para composição especializada.	1 tabelas
212	all-page-0211	PARTE IV — VELARIM	DICIONÁRIO CONVERSACIONAL 2.0 — EXPANSÃO DE MESA	narrative	TEXT_FLOW	NEEDS_TABLE_REVIEW	P3	TABLE_IN_NARRATIVE_TEMPLATE_REVIEW_SEMANTIC_ROLE	Confirmar manualmente se a tabela compacta deve permanecer integrada ao fluxo ou migrar para composição especializada.	1 tabelas
213	all-page-0212	PARTE IV — VELARIM	DICIONÁRIO CONVERSACIONAL 2.0 — EXPANSÃO DE MESA	narrative	TEXT_FLOW	NEEDS_TABLE_REVIEW	P3	TABLE_IN_NARRATIVE_TEMPLATE_REVIEW_SEMANTIC_ROLE	Confirmar manualmente se a tabela compacta deve permanecer integrada ao fluxo ou migrar para composição especializada.	1 tabelas
214	all-page-0213	PARTE IV — VELARIM	DICIONÁRIO CONVERSACIONAL 2.0 — EXPANSÃO DE MESA	narrative	TEXT_FLOW	NEEDS_TABLE_REVIEW	P3	TABLE_IN_NARRATIVE_TEMPLATE_REVIEW_SEMANTIC_ROLE	Confirmar manualmente se a tabela compacta deve permanecer integrada ao fluxo ou migrar para composição especializada.	2 tabelas
215	all-page-0214	PARTE IV — VELARIM	DICIONÁRIO CONVERSACIONAL 2.0 — EXPANSÃO DE MESA	narrative	TEXT_FLOW	NEEDS_TABLE_REVIEW	P3	TABLE_IN_NARRATIVE_TEMPLATE_REVIEW_SEMANTIC_ROLE	Confirmar manualmente se a tabela compacta deve permanecer integrada ao fluxo ou migrar para composição especializada.	1 tabelas
216	all-page-0215	PARTE IV — VELARIM	FRASEÁRIO DE MESA	narrative	TEXT_FLOW	NEEDS_TABLE_REVIEW	P3	TABLE_IN_NARRATIVE_TEMPLATE_REVIEW_SEMANTIC_ROLE	Confirmar manualmente se a tabela compacta deve permanecer integrada ao fluxo ou migrar para composição especializada.	1 tabelas
217	all-page-0216	PARTE IV — VELARIM	FRASEÁRIO DE MESA	narrative	TEXT_FLOW	NEEDS_TABLE_REVIEW	P3	TABLE_IN_NARRATIVE_TEMPLATE_REVIEW_SEMANTIC_ROLE	Confirmar manualmente se a tabela compacta deve permanecer integrada ao fluxo ou migrar para composição especializada.	1 tabelas
218	all-page-0217	PARTE IV — VELARIM	DIÁLOGOS MODELO	narrative	TEXT_FLOW	MVP_GOOD	-		Nenhuma ação estrutural; refinar somente se a revisão humana encontrar ganho editorial claro.	
219	all-page-0218	PARTE IV — VELARIM	Pedr’alma no uso de Velarim	chapter_opening	IMAGE_TOP	MVP_GOOD	-		Nenhuma ação estrutural; refinar somente se a revisão humana encontrar ganho editorial claro.	1 tabelas
220	all-page-0219	PARTE IV — VELARIM	Pedr’alma e morfologia relacional	narrative	TEXT_FLOW	MVP_GOOD	-		Nenhuma ação estrutural; refinar somente se a revisão humana encontrar ganho editorial claro.	
221	all-page-0220	PARTE IV — VELARIM	Pertencimento e -ov	narrative	TEXT_FLOW	MVP_GOOD	-		Nenhuma ação estrutural; refinar somente se a revisão humana encontrar ganho editorial claro.	
222	all-page-0221	PARTE IV — VELARIM	Pedr’alma e Ritual Comum	narrative	TEXT_FLOW	MVP_GOOD	-		Nenhuma ação estrutural; refinar somente se a revisão humana encontrar ganho editorial claro.	
223	all-page-0222	PARTE IV — VELARIM	A formulação nuclear	narrative	TEXT_FLOW	MVP_GOOD	-		Nenhuma ação estrutural; refinar somente se a revisão humana encontrar ganho editorial claro.	
224	all-page-0223	PARTE IV — VELARIM	Regra específica para mira	narrative	TEXT_FLOW	NEEDS_TABLE_REVIEW	P3	TABLE_IN_NARRATIVE_TEMPLATE_REVIEW_SEMANTIC_ROLE	Confirmar manualmente se a tabela compacta deve permanecer integrada ao fluxo ou migrar para composição especializada.	1 tabelas
225	all-page-0224	PARTE IV — VELARIM	Exemplos de interpretação válida	narrative	TEXT_FLOW	MVP_GOOD	-		Nenhuma ação estrutural; refinar somente se a revisão humana encontrar ganho editorial claro.	
226	all-page-0225	PARTE IV — VELARIM	Exemplos de interpretação válida	narrative	TEXT_FLOW	MVP_GOOD	-		Nenhuma ação estrutural; refinar somente se a revisão humana encontrar ganho editorial claro.	
227	all-page-0226	PARTE IV — VELARIM	Em resumo	narrative	TEXT_FLOW	MVP_GOOD	-		Nenhuma ação estrutural; refinar somente se a revisão humana encontrar ganho editorial claro.	
228	all-page-0227	PARTE IV — VELARIM	Fórmula relacional	narrative	TEXT_FLOW	MANUAL_REVIEW	P2	LOW_FILL_OR_SHORT_COMPOSITION	Verificar ritmo, espaço negativo e eventual arte contextual; não comprimir texto automaticamente.	
229	all-page-0228	PARTE V — JOGANDO KALLISTIS	PARTE V — JOGANDO KALLISTIS	part_opening	PART_HERO	MVP_GOOD	-		Nenhuma ação estrutural; refinar somente se a revisão humana encontrar ganho editorial claro.	
230	all-page-0229	PARTE V — JOGANDO KALLISTIS	PRINCÍPIOS DO JOGO	rules_2col	REFERENCE_TABLE	MVP_GOOD	-		Nenhuma ação estrutural; refinar somente se a revisão humana encontrar ganho editorial claro.	
231	all-page-0230	PARTE V — JOGANDO KALLISTIS	O NÚCLEO DE RESOLUÇÃO	rules_2col	REFERENCE_TABLE	MVP_GOOD	-		Nenhuma ação estrutural; refinar somente se a revisão humana encontrar ganho editorial claro.	1 tabelas
232	all-page-0231	PARTE V — JOGANDO KALLISTIS	O NÚCLEO DE RESOLUÇÃO	rules_2col	REFERENCE_TABLE	MVP_GOOD	-		Nenhuma ação estrutural; refinar somente se a revisão humana encontrar ganho editorial claro.	2 tabelas
233	all-page-0232	PARTE V — JOGANDO KALLISTIS	O NÚCLEO DE RESOLUÇÃO	rules_2col	REFERENCE_TABLE	MVP_GOOD	-		Nenhuma ação estrutural; refinar somente se a revisão humana encontrar ganho editorial claro.	1 tabelas
234	all-page-0233	PARTE V — JOGANDO KALLISTIS	O NÚCLEO DE RESOLUÇÃO	rules_2col	REFERENCE_TABLE	MVP_GOOD	-		Nenhuma ação estrutural; refinar somente se a revisão humana encontrar ganho editorial claro.	1 tabelas
235	all-page-0234	PARTE V — JOGANDO KALLISTIS	O NÚCLEO DE RESOLUÇÃO	rules_2col	REFERENCE_TABLE	MVP_GOOD	-		Nenhuma ação estrutural; refinar somente se a revisão humana encontrar ganho editorial claro.	2 tabelas
236	all-page-0235	PARTE V — JOGANDO KALLISTIS	O NÚCLEO DE RESOLUÇÃO	rules_2col	REFERENCE_TABLE	MVP_GOOD	-		Nenhuma ação estrutural; refinar somente se a revisão humana encontrar ganho editorial claro.	1 tabelas
237	all-page-0236	PARTE V — JOGANDO KALLISTIS	O NÚCLEO DE RESOLUÇÃO	rules_2col	REFERENCE_TABLE	MVP_GOOD	-		Nenhuma ação estrutural; refinar somente se a revisão humana encontrar ganho editorial claro.	
238	all-page-0237	PARTE V — JOGANDO KALLISTIS	O NÚCLEO DE RESOLUÇÃO	rules_2col	REFERENCE_TABLE	MVP_GOOD	-		Nenhuma ação estrutural; refinar somente se a revisão humana encontrar ganho editorial claro.	3 tabelas
239	all-page-0238	PARTE V — JOGANDO KALLISTIS	ATRIBUTOS, PERÍCIAS E RECURSOS	rules_2col	REFERENCE_TABLE	MVP_GOOD	-		Nenhuma ação estrutural; refinar somente se a revisão humana encontrar ganho editorial claro.	2 tabelas
240	all-page-0239	PARTE V — JOGANDO KALLISTIS	ATRIBUTOS, PERÍCIAS E RECURSOS	rules_2col	REFERENCE_TABLE	MVP_GOOD	-		Nenhuma ação estrutural; refinar somente se a revisão humana encontrar ganho editorial claro.	
241	all-page-0240	PARTE V — JOGANDO KALLISTIS	ATRIBUTOS, PERÍCIAS E RECURSOS	rules_2col	REFERENCE_TABLE	MVP_GOOD	-		Nenhuma ação estrutural; refinar somente se a revisão humana encontrar ganho editorial claro.	
242	all-page-0241	PARTE V — JOGANDO KALLISTIS	PAUSA SEGURA E DESCANSO COMPLETO	rules_2col	REFERENCE_TABLE	MVP_GOOD	-		Nenhuma ação estrutural; refinar somente se a revisão humana encontrar ganho editorial claro.	
243	all-page-0242	PARTE V — JOGANDO KALLISTIS	CRIAÇÃO DE PERSONAGEM	rules_2col	REFERENCE_TABLE	MVP_GOOD	-		Nenhuma ação estrutural; refinar somente se a revisão humana encontrar ganho editorial claro.	
244	all-page-0243	PARTE V — JOGANDO KALLISTIS	TÉCNICAS	rules_2col	REFERENCE_TABLE	MVP_GOOD	-		Nenhuma ação estrutural; refinar somente se a revisão humana encontrar ganho editorial claro.	2 tabelas
245	all-page-0244	PARTE V — JOGANDO KALLISTIS	TÉCNICAS	rules_2col	REFERENCE_TABLE	MVP_GOOD	-		Nenhuma ação estrutural; refinar somente se a revisão humana encontrar ganho editorial claro.	1 tabelas
246	all-page-0245	PARTE V — JOGANDO KALLISTIS	MAGIAS	rules_2col	REFERENCE_TABLE	MVP_GOOD	-		Nenhuma ação estrutural; refinar somente se a revisão humana encontrar ganho editorial claro.	3 tabelas
247	all-page-0246	PARTE V — JOGANDO KALLISTIS	MAGIAS	rules_2col	REFERENCE_TABLE	MVP_GOOD	-		Nenhuma ação estrutural; refinar somente se a revisão humana encontrar ganho editorial claro.	1 tabelas
248	all-page-0247	PARTE V — JOGANDO KALLISTIS	MAGIAS	rules_2col	REFERENCE_TABLE	MVP_GOOD	-		Nenhuma ação estrutural; refinar somente se a revisão humana encontrar ganho editorial claro.	1 tabelas
249	all-page-0248	PARTE V — JOGANDO KALLISTIS	MAGIAS	rules_2col	REFERENCE_TABLE	MVP_GOOD	-		Nenhuma ação estrutural; refinar somente se a revisão humana encontrar ganho editorial claro.	2 tabelas
250	all-page-0249	PARTE V — JOGANDO KALLISTIS	MAGIAS	rules_2col	REFERENCE_TABLE	MVP_GOOD	-		Nenhuma ação estrutural; refinar somente se a revisão humana encontrar ganho editorial claro.	2 tabelas
251	all-page-0250	PARTE V — JOGANDO KALLISTIS	MAGIAS	rules_2col	REFERENCE_TABLE	MVP_GOOD	-		Nenhuma ação estrutural; refinar somente se a revisão humana encontrar ganho editorial claro.	1 tabelas
252	all-page-0251	PARTE V — JOGANDO KALLISTIS	MAGIAS	rules_2col	REFERENCE_TABLE	MVP_GOOD	-		Nenhuma ação estrutural; refinar somente se a revisão humana encontrar ganho editorial claro.	1 tabelas
253	all-page-0252	PARTE V — JOGANDO KALLISTIS	MAGIAS	rules_2col	REFERENCE_TABLE	MVP_GOOD	-		Nenhuma ação estrutural; refinar somente se a revisão humana encontrar ganho editorial claro.	
254	all-page-0253	PARTE V — JOGANDO KALLISTIS	EVOCAÇÕES	rules_2col	REFERENCE_TABLE	MVP_GOOD	-		Nenhuma ação estrutural; refinar somente se a revisão humana encontrar ganho editorial claro.	1 tabelas
255	all-page-0254	PARTE V — JOGANDO KALLISTIS	EVOCAÇÕES	rules_2col	REFERENCE_TABLE	MVP_GOOD	-		Nenhuma ação estrutural; refinar somente se a revisão humana encontrar ganho editorial claro.	2 tabelas
256	all-page-0255	PARTE V — JOGANDO KALLISTIS	EVOCAÇÕES	rules_2col	REFERENCE_TABLE	MVP_GOOD	-		Nenhuma ação estrutural; refinar somente se a revisão humana encontrar ganho editorial claro.	3 tabelas
257	all-page-0256	PARTE V — JOGANDO KALLISTIS	EVOCAÇÕES	rules_2col	REFERENCE_TABLE	MVP_GOOD	-		Nenhuma ação estrutural; refinar somente se a revisão humana encontrar ganho editorial claro.	3 tabelas
258	all-page-0257	PARTE V — JOGANDO KALLISTIS	EVOCAÇÕES	rules_2col	REFERENCE_TABLE	MVP_GOOD	-		Nenhuma ação estrutural; refinar somente se a revisão humana encontrar ganho editorial claro.	
259	all-page-0258	PARTE V — JOGANDO KALLISTIS	VELARIM EM JOGO	rules_2col	REFERENCE_TABLE	MVP_GOOD	-		Nenhuma ação estrutural; refinar somente se a revisão humana encontrar ganho editorial claro.	
260	all-page-0259	PARTE V — JOGANDO KALLISTIS	MERGE	rules_2col	REFERENCE_TABLE	MVP_GOOD	-		Nenhuma ação estrutural; refinar somente se a revisão humana encontrar ganho editorial claro.	
261	all-page-0260	PARTE V — JOGANDO KALLISTIS	COMBATE E GRADE ORTOGONAL	chapter_opening	IMAGE_TOP	MVP_GOOD	-		Nenhuma ação estrutural; refinar somente se a revisão humana encontrar ganho editorial claro.	
262	all-page-0261	PARTE V — JOGANDO KALLISTIS	COMBATE E GRADE ORTOGONAL	chapter_opening	IMAGE_TOP	MVP_GOOD	-		Nenhuma ação estrutural; refinar somente se a revisão humana encontrar ganho editorial claro.	
263	all-page-0262	PARTE V — JOGANDO KALLISTIS	COMBATE E GRADE ORTOGONAL	chapter_opening	IMAGE_TOP	MVP_GOOD	-		Nenhuma ação estrutural; refinar somente se a revisão humana encontrar ganho editorial claro.	
264	all-page-0263	PARTE V — JOGANDO KALLISTIS	COMBATE E GRADE ORTOGONAL	chapter_opening	IMAGE_TOP	MVP_GOOD	-		Nenhuma ação estrutural; refinar somente se a revisão humana encontrar ganho editorial claro.	
265	all-page-0264	PARTE V — JOGANDO KALLISTIS	COMBATE E GRADE ORTOGONAL	rules_2col	REFERENCE_TABLE	MVP_GOOD	-		Nenhuma ação estrutural; refinar somente se a revisão humana encontrar ganho editorial claro.	1 tabelas
266	all-page-0265	PARTE V — JOGANDO KALLISTIS	CONDIÇÕES, QUEDA E MORTE	rules_2col	REFERENCE_TABLE	MVP_GOOD	-		Nenhuma ação estrutural; refinar somente se a revisão humana encontrar ganho editorial claro.	1 tabelas
267	all-page-0266	PARTE V — JOGANDO KALLISTIS	CONDIÇÕES, QUEDA E MORTE	rules_2col	REFERENCE_TABLE	MVP_GOOD	-		Nenhuma ação estrutural; refinar somente se a revisão humana encontrar ganho editorial claro.	1 tabelas
268	all-page-0267	PARTE V — JOGANDO KALLISTIS	CONDIÇÕES, QUEDA E MORTE	rules_2col	REFERENCE_TABLE	MVP_GOOD	-		Nenhuma ação estrutural; refinar somente se a revisão humana encontrar ganho editorial claro.	1 tabelas
269	all-page-0268	PARTE V — JOGANDO KALLISTIS	RESSONÂNCIA COLETIVA	rules_2col	REFERENCE_TABLE	MVP_GOOD	-		Nenhuma ação estrutural; refinar somente se a revisão humana encontrar ganho editorial claro.	
270	all-page-0269	PARTE V — JOGANDO KALLISTIS	RESSONÂNCIA COLETIVA	rules_2col	REFERENCE_TABLE	MVP_GOOD	-		Nenhuma ação estrutural; refinar somente se a revisão humana encontrar ganho editorial claro.	
271	all-page-0270	PARTE V — JOGANDO KALLISTIS	RESSONÂNCIA COLETIVA	rules_2col	REFERENCE_TABLE	MVP_GOOD	-		Nenhuma ação estrutural; refinar somente se a revisão humana encontrar ganho editorial claro.	1 tabelas
272	all-page-0271	PARTE V — JOGANDO KALLISTIS	EQUIPAMENTOS	rules_2col	REFERENCE_TABLE	MVP_GOOD	-		Nenhuma ação estrutural; refinar somente se a revisão humana encontrar ganho editorial claro.	1 tabelas
273	all-page-0272	PARTE V — JOGANDO KALLISTIS	EQUIPAMENTOS	rules_2col	REFERENCE_TABLE	MVP_GOOD	-		Nenhuma ação estrutural; refinar somente se a revisão humana encontrar ganho editorial claro.	2 tabelas
274	all-page-0273	PARTE V — JOGANDO KALLISTIS	EQUIPAMENTOS	rules_2col	REFERENCE_TABLE	MVP_GOOD	-		Nenhuma ação estrutural; refinar somente se a revisão humana encontrar ganho editorial claro.	3 tabelas
275	all-page-0274	PARTE V — JOGANDO KALLISTIS	EQUIPAMENTOS	rules_2col	REFERENCE_TABLE	MVP_GOOD	-		Nenhuma ação estrutural; refinar somente se a revisão humana encontrar ganho editorial claro.	2 tabelas
276	all-page-0275	PARTE V — JOGANDO KALLISTIS	ARTEFATOS	rules_2col	REFERENCE_TABLE	MVP_GOOD	-		Nenhuma ação estrutural; refinar somente se a revisão humana encontrar ganho editorial claro.	1 tabelas
277	all-page-0276	PARTE V — JOGANDO KALLISTIS	ARTEFATOS	rules_2col	REFERENCE_TABLE	MVP_GOOD	-		Nenhuma ação estrutural; refinar somente se a revisão humana encontrar ganho editorial claro.	1 tabelas
278	all-page-0277	PARTE V — JOGANDO KALLISTIS	ARTEFATOS	rules_2col	REFERENCE_TABLE	MVP_GOOD	-		Nenhuma ação estrutural; refinar somente se a revisão humana encontrar ganho editorial claro.	
279	all-page-0278	PARTE V — JOGANDO KALLISTIS	ARTEFATOS	rules_2col	REFERENCE_TABLE	MVP_GOOD	-		Nenhuma ação estrutural; refinar somente se a revisão humana encontrar ganho editorial claro.	
280	all-page-0279	PARTE V — JOGANDO KALLISTIS	ARTEFATOS	rules_2col	REFERENCE_TABLE	MVP_GOOD	-		Nenhuma ação estrutural; refinar somente se a revisão humana encontrar ganho editorial claro.	
281	all-page-0280	PARTE V — JOGANDO KALLISTIS	ARTEFATOS	rules_2col	REFERENCE_TABLE	MVP_GOOD	-		Nenhuma ação estrutural; refinar somente se a revisão humana encontrar ganho editorial claro.	1 tabelas
282	all-page-0281	PARTE V — JOGANDO KALLISTIS	PROGRESSÃO	rules_2col	REFERENCE_TABLE	MVP_GOOD	-		Nenhuma ação estrutural; refinar somente se a revisão humana encontrar ganho editorial claro.	1 tabelas
283	all-page-0282	PARTE V — JOGANDO KALLISTIS	FENDAS E TRAVESSIAS	rules_2col	REFERENCE_TABLE	MVP_GOOD	-		Nenhuma ação estrutural; refinar somente se a revisão humana encontrar ganho editorial claro.	2 tabelas
284	all-page-0283	PARTE V — JOGANDO KALLISTIS	FENDAS E TRAVESSIAS	rules_2col	REFERENCE_TABLE	MVP_GOOD	-		Nenhuma ação estrutural; refinar somente se a revisão humana encontrar ganho editorial claro.	1 tabelas
285	all-page-0284	PARTE VI — CONDUZINDO KALLISTIS	PARTE VI — CONDUZINDO KALLISTIS	part_opening	PART_HERO	MVP_GOOD	-		Nenhuma ação estrutural; refinar somente se a revisão humana encontrar ganho editorial claro.	
286	all-page-0285	PARTE VI — CONDUZINDO KALLISTIS	REGRAS DO MESTRE	rules_2col	REFERENCE_TABLE	MVP_GOOD	-		Nenhuma ação estrutural; refinar somente se a revisão humana encontrar ganho editorial claro.	1 tabelas
287	all-page-0286	PARTE VI — CONDUZINDO KALLISTIS	REGRAS DO MESTRE	rules_2col	REFERENCE_TABLE	MVP_GOOD	-		Nenhuma ação estrutural; refinar somente se a revisão humana encontrar ganho editorial claro.	2 tabelas
288	all-page-0287	PARTE VI — CONDUZINDO KALLISTIS	REGRAS DO MESTRE	rules_2col	REFERENCE_TABLE	MVP_GOOD	-		Nenhuma ação estrutural; refinar somente se a revisão humana encontrar ganho editorial claro.	
289	all-page-0288	PARTE VI — CONDUZINDO KALLISTIS	REFERÊNCIA RÁPIDA DE ADVERSÁRIOS	chapter_opening	BESTIARY_ENTRY	MVP_GOOD	-		Nenhuma ação estrutural; refinar somente se a revisão humana encontrar ganho editorial claro.	
290	all-page-0289	PARTE VI — CONDUZINDO KALLISTIS	ESTRUTURA DE CAMPANHA	rules_2col	REFERENCE_TABLE	MVP_GOOD	-		Nenhuma ação estrutural; refinar somente se a revisão humana encontrar ganho editorial claro.	
291	all-page-0290	PARTE VI — CONDUZINDO KALLISTIS	SETENTA E DOIS ENCONTROS ENTRE HERANÇA E ESCOLHA	rules_2col	REFERENCE_TABLE	MVP_GOOD	-		Nenhuma ação estrutural; refinar somente se a revisão humana encontrar ganho editorial claro.	
292	all-page-0291	PARTE VI — CONDUZINDO KALLISTIS	SETENTA E DOIS ENCONTROS ENTRE HERANÇA E ESCOLHA	rules_2col	REFERENCE_TABLE	MVP_GOOD	-		Nenhuma ação estrutural; refinar somente se a revisão humana encontrar ganho editorial claro.	
293	all-page-0292	PARTE VI — CONDUZINDO KALLISTIS	SETENTA E DOIS ENCONTROS ENTRE HERANÇA E ESCOLHA	rules_2col	REFERENCE_TABLE	MVP_GOOD	-		Nenhuma ação estrutural; refinar somente se a revisão humana encontrar ganho editorial claro.	
294	all-page-0293	PARTE VI — CONDUZINDO KALLISTIS	SETENTA E DOIS ENCONTROS ENTRE HERANÇA E ESCOLHA	chapter_opening	SIDE_ART_PAIR	MANUAL_REVIEW	P2	LOW_FILL_OR_SHORT_COMPOSITION	Verificar ritmo, espaço negativo e eventual arte contextual; não comprimir texto automaticamente.	
295	all-page-0294	PARTE VI — CONDUZINDO KALLISTIS	SETENTA E DOIS ENCONTROS ENTRE HERANÇA E ESCOLHA	chapter_opening	SIDE_ART_PAIR	MVP_GOOD	-		Nenhuma ação estrutural; refinar somente se a revisão humana encontrar ganho editorial claro.	
296	all-page-0295	PARTE VI — CONDUZINDO KALLISTIS	SETENTA E DOIS ENCONTROS ENTRE HERANÇA E ESCOLHA	chapter_opening	SIDE_ART_PAIR	MVP_GOOD	-		Nenhuma ação estrutural; refinar somente se a revisão humana encontrar ganho editorial claro.	
297	all-page-0296	PARTE VI — CONDUZINDO KALLISTIS	Perguntas para preparação	rules_2col	REFERENCE_TABLE	MVP_GOOD	-		Nenhuma ação estrutural; refinar somente se a revisão humana encontrar ganho editorial claro.	
298	all-page-0297	PARTE VI — CONDUZINDO KALLISTIS	Perguntas para preparação	rules_2col	REFERENCE_TABLE	MVP_GOOD	-		Nenhuma ação estrutural; refinar somente se a revisão humana encontrar ganho editorial claro.	
299	all-page-0298	PARTE VI — CONDUZINDO KALLISTIS	Conduzindo o Cinturão	rules_2col	REFERENCE_TABLE	MVP_GOOD	-		Nenhuma ação estrutural; refinar somente se a revisão humana encontrar ganho editorial claro.	
300	all-page-0299	PARTE VI — CONDUZINDO KALLISTIS	Conduzindo o Cinturão	rules_2col	REFERENCE_TABLE	MVP_GOOD	-		Nenhuma ação estrutural; refinar somente se a revisão humana encontrar ganho editorial claro.	
301	all-page-0300	PARTE VI — CONDUZINDO KALLISTIS	Para o Mestre — Sete Segredos Regionais	full_art	BESTIARY_ENTRY	MVP_GOOD	-		Nenhuma ação estrutural; refinar somente se a revisão humana encontrar ganho editorial claro.	
302	all-page-0301	PARTE VI — CONDUZINDO KALLISTIS	Bestiário do Cristal Partido	full_art	BESTIARY_ENTRY	MVP_GOOD	-		Nenhuma ação estrutural; refinar somente se a revisão humana encontrar ganho editorial claro.	
303	all-page-0302	PARTE VI — CONDUZINDO KALLISTIS	Bestiário do Cristal Partido	rules_2col	REFERENCE_TABLE	MVP_GOOD	-		Nenhuma ação estrutural; refinar somente se a revisão humana encontrar ganho editorial claro.	1 tabelas
304	all-page-0303	PARTE VI — CONDUZINDO KALLISTIS	COMO USAR O BESTIÁRIO	rules_2col	REFERENCE_TABLE	MVP_GOOD	-		Nenhuma ação estrutural; refinar somente se a revisão humana encontrar ganho editorial claro.	
305	all-page-0304	PARTE VI — CONDUZINDO KALLISTIS	COMO USAR O BESTIÁRIO	rules_2col	REFERENCE_TABLE	MVP_GOOD	-		Nenhuma ação estrutural; refinar somente se a revisão humana encontrar ganho editorial claro.	2 tabelas
306	all-page-0305	PARTE VI — CONDUZINDO KALLISTIS	ESCALA E CONSTRUÇÃO DE ENCONTROS	rules_2col	REFERENCE_TABLE	MVP_GOOD	-		Nenhuma ação estrutural; refinar somente se a revisão humana encontrar ganho editorial claro.	1 tabelas
307	all-page-0306	PARTE VI — CONDUZINDO KALLISTIS	LACAIOS	rules_2col	REFERENCE_TABLE	MVP_GOOD	-		Nenhuma ação estrutural; refinar somente se a revisão humana encontrar ganho editorial claro.	1 tabelas
308	all-page-0307	PARTE VI — CONDUZINDO KALLISTIS	LACAIOS	rules_2col	REFERENCE_TABLE	MVP_GOOD	-		Nenhuma ação estrutural; refinar somente se a revisão humana encontrar ganho editorial claro.	2 tabelas
309	all-page-0308	PARTE VI — CONDUZINDO KALLISTIS	LACAIOS	rules_2col	REFERENCE_TABLE	MVP_GOOD	-		Nenhuma ação estrutural; refinar somente se a revisão humana encontrar ganho editorial claro.	1 tabelas
310	all-page-0309	PARTE VI — CONDUZINDO KALLISTIS	LACAIOS	rules_2col	REFERENCE_TABLE	MVP_GOOD	-		Nenhuma ação estrutural; refinar somente se a revisão humana encontrar ganho editorial claro.	2 tabelas
311	all-page-0310	PARTE VI — CONDUZINDO KALLISTIS	LACAIOS	rules_2col	REFERENCE_TABLE	MVP_GOOD	-		Nenhuma ação estrutural; refinar somente se a revisão humana encontrar ganho editorial claro.	
312	all-page-0311	PARTE VI — CONDUZINDO KALLISTIS	LACAIOS	chapter_opening	BESTIARY_ENTRY	MVP_GOOD	-		Nenhuma ação estrutural; refinar somente se a revisão humana encontrar ganho editorial claro.	1 tabelas
313	all-page-0312	PARTE VI — CONDUZINDO KALLISTIS	LACAIOS	rules_2col	REFERENCE_TABLE	MVP_GOOD	-		Nenhuma ação estrutural; refinar somente se a revisão humana encontrar ganho editorial claro.	1 tabelas
314	all-page-0313	PARTE VI — CONDUZINDO KALLISTIS	LACAIOS	chapter_opening	BESTIARY_ENTRY	MVP_GOOD	-		Nenhuma ação estrutural; refinar somente se a revisão humana encontrar ganho editorial claro.	1 tabelas
315	all-page-0314	PARTE VI — CONDUZINDO KALLISTIS	LACAIOS	chapter_opening	BESTIARY_ENTRY	MVP_GOOD	-		Nenhuma ação estrutural; refinar somente se a revisão humana encontrar ganho editorial claro.	1 tabelas
316	all-page-0315	PARTE VI — CONDUZINDO KALLISTIS	LACAIOS	chapter_opening	BESTIARY_ENTRY	MVP_GOOD	-		Nenhuma ação estrutural; refinar somente se a revisão humana encontrar ganho editorial claro.	
317	all-page-0316	PARTE VI — CONDUZINDO KALLISTIS	LACAIOS	full_art	BESTIARY_ENTRY	MVP_GOOD	-		Nenhuma ação estrutural; refinar somente se a revisão humana encontrar ganho editorial claro.	
318	all-page-0317	PARTE VI — CONDUZINDO KALLISTIS	LACAIOS	rules_2col	REFERENCE_TABLE	MVP_GOOD	-		Nenhuma ação estrutural; refinar somente se a revisão humana encontrar ganho editorial claro.	2 tabelas
319	all-page-0318	PARTE VI — CONDUZINDO KALLISTIS	ADVERSÁRIOS COMUNS	rules_2col	REFERENCE_TABLE	MVP_GOOD	-		Nenhuma ação estrutural; refinar somente se a revisão humana encontrar ganho editorial claro.	1 tabelas
320	all-page-0319	PARTE VI — CONDUZINDO KALLISTIS	ADVERSÁRIOS COMUNS	rules_2col	REFERENCE_TABLE	MVP_GOOD	-		Nenhuma ação estrutural; refinar somente se a revisão humana encontrar ganho editorial claro.	1 tabelas
321	all-page-0320	PARTE VI — CONDUZINDO KALLISTIS	ADVERSÁRIOS COMUNS	rules_2col	REFERENCE_TABLE	MVP_GOOD	-		Nenhuma ação estrutural; refinar somente se a revisão humana encontrar ganho editorial claro.	1 tabelas
322	all-page-0321	PARTE VI — CONDUZINDO KALLISTIS	ADVERSÁRIOS COMUNS	rules_2col	REFERENCE_TABLE	MVP_GOOD	-		Nenhuma ação estrutural; refinar somente se a revisão humana encontrar ganho editorial claro.	1 tabelas
323	all-page-0322	PARTE VI — CONDUZINDO KALLISTIS	ADVERSÁRIOS COMUNS	rules_2col	REFERENCE_TABLE	MVP_GOOD	-		Nenhuma ação estrutural; refinar somente se a revisão humana encontrar ganho editorial claro.	2 tabelas
324	all-page-0323	PARTE VI — CONDUZINDO KALLISTIS	ADVERSÁRIOS COMUNS	rules_2col	REFERENCE_TABLE	MVP_GOOD	-		Nenhuma ação estrutural; refinar somente se a revisão humana encontrar ganho editorial claro.	1 tabelas
325	all-page-0324	PARTE VI — CONDUZINDO KALLISTIS	ADVERSÁRIOS COMUNS	rules_2col	REFERENCE_TABLE	MVP_GOOD	-		Nenhuma ação estrutural; refinar somente se a revisão humana encontrar ganho editorial claro.	1 tabelas
326	all-page-0325	PARTE VI — CONDUZINDO KALLISTIS	ADVERSÁRIOS COMUNS	rules_2col	REFERENCE_TABLE	MVP_GOOD	-		Nenhuma ação estrutural; refinar somente se a revisão humana encontrar ganho editorial claro.	2 tabelas
327	all-page-0326	PARTE VI — CONDUZINDO KALLISTIS	ADVERSÁRIOS COMUNS	rules_2col	REFERENCE_TABLE	MVP_GOOD	-		Nenhuma ação estrutural; refinar somente se a revisão humana encontrar ganho editorial claro.	
328	all-page-0327	PARTE VI — CONDUZINDO KALLISTIS	ADVERSÁRIOS COMUNS	chapter_opening	BESTIARY_ENTRY	MVP_GOOD	-		Nenhuma ação estrutural; refinar somente se a revisão humana encontrar ganho editorial claro.	1 tabelas
329	all-page-0328	PARTE VI — CONDUZINDO KALLISTIS	ADVERSÁRIOS COMUNS	rules_2col	REFERENCE_TABLE	MVP_GOOD	-		Nenhuma ação estrutural; refinar somente se a revisão humana encontrar ganho editorial claro.	1 tabelas
330	all-page-0329	PARTE VI — CONDUZINDO KALLISTIS	ADVERSÁRIOS COMUNS	rules_2col	REFERENCE_TABLE	MVP_GOOD	-		Nenhuma ação estrutural; refinar somente se a revisão humana encontrar ganho editorial claro.	2 tabelas
331	all-page-0330	PARTE VI — CONDUZINDO KALLISTIS	ADVERSÁRIOS COMUNS	rules_2col	REFERENCE_TABLE	MVP_GOOD	-		Nenhuma ação estrutural; refinar somente se a revisão humana encontrar ganho editorial claro.	1 tabelas
332	all-page-0331	PARTE VI — CONDUZINDO KALLISTIS	ADVERSÁRIOS COMUNS	rules_2col	REFERENCE_TABLE	MVP_GOOD	-		Nenhuma ação estrutural; refinar somente se a revisão humana encontrar ganho editorial claro.	1 tabelas
333	all-page-0332	PARTE VI — CONDUZINDO KALLISTIS	ADVERSÁRIOS COMUNS	chapter_opening	BESTIARY_ENTRY	MVP_GOOD	-		Nenhuma ação estrutural; refinar somente se a revisão humana encontrar ganho editorial claro.	1 tabelas
334	all-page-0333	PARTE VI — CONDUZINDO KALLISTIS	ADVERSÁRIOS COMUNS	rules_2col	REFERENCE_TABLE	MVP_GOOD	-		Nenhuma ação estrutural; refinar somente se a revisão humana encontrar ganho editorial claro.	1 tabelas
335	all-page-0334	PARTE VI — CONDUZINDO KALLISTIS	ADVERSÁRIOS COMUNS	rules_2col	REFERENCE_TABLE	MVP_GOOD	-		Nenhuma ação estrutural; refinar somente se a revisão humana encontrar ganho editorial claro.	2 tabelas
336	all-page-0335	PARTE VI — CONDUZINDO KALLISTIS	ELITES	rules_2col	REFERENCE_TABLE	MVP_GOOD	-		Nenhuma ação estrutural; refinar somente se a revisão humana encontrar ganho editorial claro.	1 tabelas
337	all-page-0336	PARTE VI — CONDUZINDO KALLISTIS	ELITES	rules_2col	REFERENCE_TABLE	MVP_GOOD	-		Nenhuma ação estrutural; refinar somente se a revisão humana encontrar ganho editorial claro.	1 tabelas
338	all-page-0337	PARTE VI — CONDUZINDO KALLISTIS	ELITES	rules_2col	REFERENCE_TABLE	MVP_GOOD	-		Nenhuma ação estrutural; refinar somente se a revisão humana encontrar ganho editorial claro.	1 tabelas
339	all-page-0338	PARTE VI — CONDUZINDO KALLISTIS	ELITES	rules_2col	REFERENCE_TABLE	MVP_GOOD	-		Nenhuma ação estrutural; refinar somente se a revisão humana encontrar ganho editorial claro.	2 tabelas
340	all-page-0339	PARTE VI — CONDUZINDO KALLISTIS	ELITES	rules_2col	REFERENCE_TABLE	MVP_GOOD	-		Nenhuma ação estrutural; refinar somente se a revisão humana encontrar ganho editorial claro.	1 tabelas
341	all-page-0340	PARTE VI — CONDUZINDO KALLISTIS	ELITES	rules_2col	REFERENCE_TABLE	MVP_GOOD	-		Nenhuma ação estrutural; refinar somente se a revisão humana encontrar ganho editorial claro.	1 tabelas
342	all-page-0341	PARTE VI — CONDUZINDO KALLISTIS	ELITES	rules_2col	REFERENCE_TABLE	MVP_GOOD	-		Nenhuma ação estrutural; refinar somente se a revisão humana encontrar ganho editorial claro.	1 tabelas
343	all-page-0342	PARTE VI — CONDUZINDO KALLISTIS	ELITES	rules_2col	REFERENCE_TABLE	MVP_GOOD	-		Nenhuma ação estrutural; refinar somente se a revisão humana encontrar ganho editorial claro.	1 tabelas
344	all-page-0343	PARTE VI — CONDUZINDO KALLISTIS	ELITES	rules_2col	REFERENCE_TABLE	MVP_GOOD	-		Nenhuma ação estrutural; refinar somente se a revisão humana encontrar ganho editorial claro.	1 tabelas
345	all-page-0344	PARTE VI — CONDUZINDO KALLISTIS	ELITES	rules_2col	REFERENCE_TABLE	MVP_GOOD	-		Nenhuma ação estrutural; refinar somente se a revisão humana encontrar ganho editorial claro.	2 tabelas
346	all-page-0345	PARTE VI — CONDUZINDO KALLISTIS	CHEFES E AMEAÇAS SINGULARES	rules_2col	REFERENCE_TABLE	MVP_GOOD	-		Nenhuma ação estrutural; refinar somente se a revisão humana encontrar ganho editorial claro.	
347	all-page-0346	PARTE VI — CONDUZINDO KALLISTIS	CHEFES E AMEAÇAS SINGULARES	rules_2col	REFERENCE_TABLE	MVP_GOOD	-		Nenhuma ação estrutural; refinar somente se a revisão humana encontrar ganho editorial claro.	1 tabelas
348	all-page-0347	PARTE VI — CONDUZINDO KALLISTIS	CHEFES E AMEAÇAS SINGULARES	rules_2col	REFERENCE_TABLE	MVP_GOOD	-		Nenhuma ação estrutural; refinar somente se a revisão humana encontrar ganho editorial claro.	1 tabelas
349	all-page-0348	PARTE VI — CONDUZINDO KALLISTIS	CHEFES E AMEAÇAS SINGULARES	rules_2col	REFERENCE_TABLE	MVP_GOOD	-		Nenhuma ação estrutural; refinar somente se a revisão humana encontrar ganho editorial claro.	1 tabelas
350	all-page-0349	PARTE VI — CONDUZINDO KALLISTIS	CHEFES E AMEAÇAS SINGULARES	rules_2col	REFERENCE_TABLE	MVP_GOOD	-		Nenhuma ação estrutural; refinar somente se a revisão humana encontrar ganho editorial claro.	
351	all-page-0350	PARTE VI — CONDUZINDO KALLISTIS	CHEFES E AMEAÇAS SINGULARES	rules_2col	REFERENCE_TABLE	MVP_GOOD	-		Nenhuma ação estrutural; refinar somente se a revisão humana encontrar ganho editorial claro.	1 tabelas
352	all-page-0351	PARTE VI — CONDUZINDO KALLISTIS	CHEFES E AMEAÇAS SINGULARES	rules_2col	REFERENCE_TABLE	MVP_GOOD	-		Nenhuma ação estrutural; refinar somente se a revisão humana encontrar ganho editorial claro.	1 tabelas
353	all-page-0352	PARTE VI — CONDUZINDO KALLISTIS	CHEFES E AMEAÇAS SINGULARES	rules_2col	REFERENCE_TABLE	MVP_GOOD	-		Nenhuma ação estrutural; refinar somente se a revisão humana encontrar ganho editorial claro.	1 tabelas
354	all-page-0353	PARTE VI — CONDUZINDO KALLISTIS	CHEFES E AMEAÇAS SINGULARES	rules_2col	REFERENCE_TABLE	MVP_GOOD	-		Nenhuma ação estrutural; refinar somente se a revisão humana encontrar ganho editorial claro.	1 tabelas
355	all-page-0354	PARTE VI — CONDUZINDO KALLISTIS	CHEFES E AMEAÇAS SINGULARES	rules_2col	REFERENCE_TABLE	MVP_GOOD	-		Nenhuma ação estrutural; refinar somente se a revisão humana encontrar ganho editorial claro.	
356	all-page-0355	PARTE VI — CONDUZINDO KALLISTIS	FENÔMENOS E PERIGOS	rules_2col	REFERENCE_TABLE	MVP_GOOD	-		Nenhuma ação estrutural; refinar somente se a revisão humana encontrar ganho editorial claro.	
357	all-page-0356	PARTE VI — CONDUZINDO KALLISTIS	FENÔMENOS E PERIGOS	rules_2col	REFERENCE_TABLE	MVP_GOOD	-		Nenhuma ação estrutural; refinar somente se a revisão humana encontrar ganho editorial claro.	
358	all-page-0357	PARTE VI — CONDUZINDO KALLISTIS	FENÔMENOS E PERIGOS	rules_2col	REFERENCE_TABLE	MVP_GOOD	-		Nenhuma ação estrutural; refinar somente se a revisão humana encontrar ganho editorial claro.	
359	all-page-0358	PARTE VI — CONDUZINDO KALLISTIS	FENÔMENOS E PERIGOS	rules_2col	REFERENCE_TABLE	MVP_GOOD	-		Nenhuma ação estrutural; refinar somente se a revisão humana encontrar ganho editorial claro.	
360	all-page-0359	PARTE VI — CONDUZINDO KALLISTIS	FENÔMENOS E PERIGOS	rules_2col	REFERENCE_TABLE	MVP_GOOD	-		Nenhuma ação estrutural; refinar somente se a revisão humana encontrar ganho editorial claro.	
361	all-page-0360	PARTE VI — CONDUZINDO KALLISTIS	FENÔMENOS E PERIGOS	rules_2col	REFERENCE_TABLE	MVP_GOOD	-		Nenhuma ação estrutural; refinar somente se a revisão humana encontrar ganho editorial claro.	
362	all-page-0361	PARTE VI — CONDUZINDO KALLISTIS	FENÔMENOS E PERIGOS	rules_2col	REFERENCE_TABLE	MANUAL_REVIEW	P2	LOW_FILL_OR_SHORT_COMPOSITION	Verificar ritmo, espaço negativo e eventual arte contextual; não comprimir texto automaticamente.	
363	all-page-0362	PARTE VI — CONDUZINDO KALLISTIS	FAUNA, ENTIDADES E COLOSSAIS	chapter_opening	BESTIARY_ENTRY	MANUAL_REVIEW	P2	LOW_FILL_OR_SHORT_COMPOSITION	Verificar ritmo, espaço negativo e eventual arte contextual; não comprimir texto automaticamente.	
364	all-page-0363	PARTE VI — CONDUZINDO KALLISTIS	FAUNA, ENTIDADES E COLOSSAIS	full_art	BESTIARY_ENTRY	MVP_GOOD	-		Nenhuma ação estrutural; refinar somente se a revisão humana encontrar ganho editorial claro.	
365	all-page-0364	PARTE VI — CONDUZINDO KALLISTIS	FAUNA, ENTIDADES E COLOSSAIS	rules_2col	REFERENCE_TABLE	MVP_GOOD	-		Nenhuma ação estrutural; refinar somente se a revisão humana encontrar ganho editorial claro.	
366	all-page-0365	PARTE VI — CONDUZINDO KALLISTIS	FAUNA, ENTIDADES E COLOSSAIS	rules_2col	REFERENCE_TABLE	MVP_GOOD	-		Nenhuma ação estrutural; refinar somente se a revisão humana encontrar ganho editorial claro.	
367	all-page-0366	PARTE VI — CONDUZINDO KALLISTIS	FAUNA, ENTIDADES E COLOSSAIS	rules_2col	REFERENCE_TABLE	MANUAL_REVIEW	P2	LOW_FILL_OR_SHORT_COMPOSITION	Verificar ritmo, espaço negativo e eventual arte contextual; não comprimir texto automaticamente.	
368	all-page-0367	PARTE VI — CONDUZINDO KALLISTIS	FAUNA, ENTIDADES E COLOSSAIS	full_art	BESTIARY_ENTRY	MVP_GOOD	-		Nenhuma ação estrutural; refinar somente se a revisão humana encontrar ganho editorial claro.	
369	all-page-0368	PARTE VI — CONDUZINDO KALLISTIS	FAUNA, ENTIDADES E COLOSSAIS	full_art	BESTIARY_ENTRY	MVP_GOOD	-		Nenhuma ação estrutural; refinar somente se a revisão humana encontrar ganho editorial claro.	
370	all-page-0369	PARTE VI — CONDUZINDO KALLISTIS	FAUNA, ENTIDADES E COLOSSAIS	full_art	BESTIARY_ENTRY	MVP_GOOD	-		Nenhuma ação estrutural; refinar somente se a revisão humana encontrar ganho editorial claro.	
371	all-page-0370	PARTE VI — CONDUZINDO KALLISTIS	FAUNA, ENTIDADES E COLOSSAIS	full_art	BESTIARY_ENTRY	MVP_GOOD	-		Nenhuma ação estrutural; refinar somente se a revisão humana encontrar ganho editorial claro.	
372	all-page-0371	PARTE VI — CONDUZINDO KALLISTIS	FAUNA, ENTIDADES E COLOSSAIS	full_art	BESTIARY_ENTRY	MVP_GOOD	-		Nenhuma ação estrutural; refinar somente se a revisão humana encontrar ganho editorial claro.	
373	all-page-0372	PARTE VI — CONDUZINDO KALLISTIS	FAUNA, ENTIDADES E COLOSSAIS	rules_2col	REFERENCE_TABLE	MVP_GOOD	-		Nenhuma ação estrutural; refinar somente se a revisão humana encontrar ganho editorial claro.	
374	all-page-0373	PARTE VI — CONDUZINDO KALLISTIS	FAUNA, ENTIDADES E COLOSSAIS	rules_2col	REFERENCE_TABLE	MVP_GOOD	-		Nenhuma ação estrutural; refinar somente se a revisão humana encontrar ganho editorial claro.	
375	all-page-0374	PARTE VI — CONDUZINDO KALLISTIS	FAUNA, ENTIDADES E COLOSSAIS	chapter_opening	BESTIARY_ENTRY	MVP_GOOD	-		Nenhuma ação estrutural; refinar somente se a revisão humana encontrar ganho editorial claro.	
376	all-page-0375	PARTE VI — CONDUZINDO KALLISTIS	FAUNA, ENTIDADES E COLOSSAIS	chapter_opening	BESTIARY_ENTRY	MVP_GOOD	-		Nenhuma ação estrutural; refinar somente se a revisão humana encontrar ganho editorial claro.	
377	all-page-0376	PARTE VI — CONDUZINDO KALLISTIS	FAUNA, ENTIDADES E COLOSSAIS	chapter_opening	BESTIARY_ENTRY	MANUAL_REVIEW	P2	LOW_FILL_OR_SHORT_COMPOSITION	Verificar ritmo, espaço negativo e eventual arte contextual; não comprimir texto automaticamente.	
378	all-page-0377	PARTE VI — CONDUZINDO KALLISTIS	FAUNA, ENTIDADES E COLOSSAIS	full_art	BESTIARY_ENTRY	MVP_GOOD	-		Nenhuma ação estrutural; refinar somente se a revisão humana encontrar ganho editorial claro.	
379	all-page-0378	PARTE VI — CONDUZINDO KALLISTIS	FAUNA, ENTIDADES E COLOSSAIS	rules_2col	REFERENCE_TABLE	MVP_GOOD	-		Nenhuma ação estrutural; refinar somente se a revisão humana encontrar ganho editorial claro.	
380	all-page-0379	PARTE VI — CONDUZINDO KALLISTIS	FAUNA, ENTIDADES E COLOSSAIS	chapter_opening	BESTIARY_ENTRY	MVP_GOOD	-		Nenhuma ação estrutural; refinar somente se a revisão humana encontrar ganho editorial claro.	
381	all-page-0380	PARTE VI — CONDUZINDO KALLISTIS	FAUNA, ENTIDADES E COLOSSAIS	full_art	BESTIARY_ENTRY	MVP_GOOD	-		Nenhuma ação estrutural; refinar somente se a revisão humana encontrar ganho editorial claro.	
382	all-page-0381	PARTE VI — CONDUZINDO KALLISTIS	FAUNA, ENTIDADES E COLOSSAIS	full_art	BESTIARY_ENTRY	MVP_GOOD	-		Nenhuma ação estrutural; refinar somente se a revisão humana encontrar ganho editorial claro.	
383	all-page-0382	PARTE VI — CONDUZINDO KALLISTIS	FAUNA, ENTIDADES E COLOSSAIS	full_art	BESTIARY_ENTRY	MVP_GOOD	-		Nenhuma ação estrutural; refinar somente se a revisão humana encontrar ganho editorial claro.	
384	all-page-0383	PARTE VI — CONDUZINDO KALLISTIS	FAUNA, ENTIDADES E COLOSSAIS	full_art	BESTIARY_ENTRY	MVP_GOOD	-		Nenhuma ação estrutural; refinar somente se a revisão humana encontrar ganho editorial claro.	
385	all-page-0384	PARTE VI — CONDUZINDO KALLISTIS	FAUNA, ENTIDADES E COLOSSAIS	full_art	BESTIARY_ENTRY	MVP_GOOD	-		Nenhuma ação estrutural; refinar somente se a revisão humana encontrar ganho editorial claro.	
386	all-page-0385	PARTE VI — CONDUZINDO KALLISTIS	FAUNA, ENTIDADES E COLOSSAIS	full_art	BESTIARY_ENTRY	MVP_GOOD	-		Nenhuma ação estrutural; refinar somente se a revisão humana encontrar ganho editorial claro.	
387	all-page-0386	PARTE VI — CONDUZINDO KALLISTIS	FAUNA, ENTIDADES E COLOSSAIS	full_art	BESTIARY_ENTRY	MVP_GOOD	-		Nenhuma ação estrutural; refinar somente se a revisão humana encontrar ganho editorial claro.	
388	all-page-0387	PARTE VI — CONDUZINDO KALLISTIS	FAUNA, ENTIDADES E COLOSSAIS	full_art	BESTIARY_ENTRY	MVP_GOOD	-		Nenhuma ação estrutural; refinar somente se a revisão humana encontrar ganho editorial claro.	
389	all-page-0388	PARTE VI — CONDUZINDO KALLISTIS	FAUNA, ENTIDADES E COLOSSAIS	rules_2col	REFERENCE_TABLE	MVP_GOOD	-		Nenhuma ação estrutural; refinar somente se a revisão humana encontrar ganho editorial claro.	
390	all-page-0389	PARTE VI — CONDUZINDO KALLISTIS	FAUNA, ENTIDADES E COLOSSAIS	rules_2col	REFERENCE_TABLE	MVP_GOOD	-		Nenhuma ação estrutural; refinar somente se a revisão humana encontrar ganho editorial claro.	
391	all-page-0390	PARTE VI — CONDUZINDO KALLISTIS	FAUNA, ENTIDADES E COLOSSAIS	rules_2col	REFERENCE_TABLE	MVP_GOOD	-		Nenhuma ação estrutural; refinar somente se a revisão humana encontrar ganho editorial claro.	
392	all-page-0391	PARTE VI — CONDUZINDO KALLISTIS	FAUNA, ENTIDADES E COLOSSAIS	rules_2col	REFERENCE_TABLE	MVP_GOOD	-		Nenhuma ação estrutural; refinar somente se a revisão humana encontrar ganho editorial claro.	
393	all-page-0392	PARTE VI — CONDUZINDO KALLISTIS	FAUNA, ENTIDADES E COLOSSAIS	rules_2col	REFERENCE_TABLE	MVP_GOOD	-		Nenhuma ação estrutural; refinar somente se a revisão humana encontrar ganho editorial claro.	
394	all-page-0393	PARTE VI — CONDUZINDO KALLISTIS	FAUNA, ENTIDADES E COLOSSAIS	chapter_opening	BESTIARY_ENTRY	MVP_GOOD	-		Nenhuma ação estrutural; refinar somente se a revisão humana encontrar ganho editorial claro.	
395	all-page-0394	PARTE VI — CONDUZINDO KALLISTIS	FAUNA, ENTIDADES E COLOSSAIS	chapter_opening	BESTIARY_ENTRY	MVP_GOOD	-		Nenhuma ação estrutural; refinar somente se a revisão humana encontrar ganho editorial claro.	
396	all-page-0395	PARTE VI — CONDUZINDO KALLISTIS	FAUNA, ENTIDADES E COLOSSAIS	chapter_opening	BESTIARY_ENTRY	MVP_GOOD	-		Nenhuma ação estrutural; refinar somente se a revisão humana encontrar ganho editorial claro.	
397	all-page-0396	PARTE VI — CONDUZINDO KALLISTIS	FAUNA, ENTIDADES E COLOSSAIS	chapter_opening	BESTIARY_ENTRY	MVP_GOOD	-		Nenhuma ação estrutural; refinar somente se a revisão humana encontrar ganho editorial claro.	
398	all-page-0397	PARTE VI — CONDUZINDO KALLISTIS	FAUNA, ENTIDADES E COLOSSAIS	full_art	BESTIARY_ENTRY	MVP_GOOD	-		Nenhuma ação estrutural; refinar somente se a revisão humana encontrar ganho editorial claro.	
399	all-page-0398	PARTE VI — CONDUZINDO KALLISTIS	FAUNA, ENTIDADES E COLOSSAIS	rules_2col	REFERENCE_TABLE	MVP_GOOD	-		Nenhuma ação estrutural; refinar somente se a revisão humana encontrar ganho editorial claro.	
400	all-page-0399	PARTE VI — CONDUZINDO KALLISTIS	FAUNA, ENTIDADES E COLOSSAIS	rules_2col	REFERENCE_TABLE	MVP_GOOD	-		Nenhuma ação estrutural; refinar somente se a revisão humana encontrar ganho editorial claro.	1 tabelas
401	all-page-0400	PARTE VI — CONDUZINDO KALLISTIS	MODELOS DE ADAPTAÇÃO	rules_2col	REFERENCE_TABLE	MVP_GOOD	-		Nenhuma ação estrutural; refinar somente se a revisão humana encontrar ganho editorial claro.	
402	all-page-0401	PARTE VI — CONDUZINDO KALLISTIS	ENCONTROS PRONTOS	rules_2col	REFERENCE_TABLE	MVP_GOOD	-		Nenhuma ação estrutural; refinar somente se a revisão humana encontrar ganho editorial claro.	
403	all-page-0402	PARTE VI — CONDUZINDO KALLISTIS	ENCONTROS PRONTOS	rules_2col	REFERENCE_TABLE	MVP_GOOD	-		Nenhuma ação estrutural; refinar somente se a revisão humana encontrar ganho editorial claro.	
404	all-page-0403	PARTE VI — CONDUZINDO KALLISTIS	TABELAS REGIONAIS	rules_2col	REFERENCE_TABLE	MVP_GOOD	-		Nenhuma ação estrutural; refinar somente se a revisão humana encontrar ganho editorial claro.	2 tabelas
405	all-page-0404	PARTE VI — CONDUZINDO KALLISTIS	TABELAS REGIONAIS	rules_2col	REFERENCE_TABLE	MVP_GOOD	-		Nenhuma ação estrutural; refinar somente se a revisão humana encontrar ganho editorial claro.	3 tabelas
406	all-page-0405	PARTE VI — CONDUZINDO KALLISTIS	TABELAS REGIONAIS	rules_2col	REFERENCE_TABLE	MVP_GOOD	-		Nenhuma ação estrutural; refinar somente se a revisão humana encontrar ganho editorial claro.	2 tabelas
407	all-page-0406	PARTE VI — CONDUZINDO KALLISTIS	RECOMPENSAS E CONSEQUÊNCIAS	rules_2col	REFERENCE_TABLE	MVP_GOOD	-		Nenhuma ação estrutural; refinar somente se a revisão humana encontrar ganho editorial claro.	1 tabelas
408	all-page-0407	APÊNDICES	APÊNDICES	chapter_opening	IMAGE_TOP	MVP_GOOD	-		Nenhuma ação estrutural; refinar somente se a revisão humana encontrar ganho editorial claro.	
409	all-page-0408	APÊNDICES	FICHA DE PERSONAGEM	narrative	TEXT_FLOW	MVP_GOOD	-		Nenhuma ação estrutural; refinar somente se a revisão humana encontrar ganho editorial claro.	
410	all-page-0409	APÊNDICES	FICHA DE PERSONAGEM	narrative	TEXT_FLOW	MVP_GOOD	-		Nenhuma ação estrutural; refinar somente se a revisão humana encontrar ganho editorial claro.	
411	all-page-0410	APÊNDICES	REFERÊNCIA RÁPIDA	narrative	TEXT_FLOW	MVP_GOOD	-		Nenhuma ação estrutural; refinar somente se a revisão humana encontrar ganho editorial claro.	
412	all-page-0411	APÊNDICES	REFERÊNCIA RÁPIDA	narrative	TEXT_FLOW	MVP_GOOD	-		Nenhuma ação estrutural; refinar somente se a revisão humana encontrar ganho editorial claro.	
413	all-page-0412	APÊNDICES	REFERÊNCIA RÁPIDA	narrative	TEXT_FLOW	MVP_GOOD	-		Nenhuma ação estrutural; refinar somente se a revisão humana encontrar ganho editorial claro.	
414	all-page-0413	APÊNDICES	REFERÊNCIA RÁPIDA	narrative	TEXT_FLOW	MVP_GOOD	-		Nenhuma ação estrutural; refinar somente se a revisão humana encontrar ganho editorial claro.	
415	all-page-0414	APÊNDICES	Glossário essencial	narrative	TEXT_FLOW	MANUAL_REVIEW	P2	LOW_FILL_OR_SHORT_COMPOSITION	Verificar ritmo, espaço negativo e eventual arte contextual; não comprimir texto automaticamente.	
416	all-page-0415	MI NAM. MI RAAR.	MI NAM. MI RAAR.	narrative	TEXT_FLOW	MANUAL_REVIEW	P2	LOW_FILL_OR_SHORT_COMPOSITION	Verificar ritmo, espaço negativo e eventual arte contextual; não comprimir texto automaticamente.	
417	all-page-0416	BOOKMAKER CONTRACT — KALLISTIS FICHA DO JOGADOR	BOOKMAKER CONTRACT — KALLISTIS FICHA DO JOGADOR	narrative	TEXT_FLOW	MANUAL_REVIEW	P2	PLAYER_SHEET_CONTRACT_NOT_MATERIALIZED_AS_NATIVE_PAGES	Na fase manual, materializar as quatro páginas nativas da ficha usando o pacote F01-F22; manter o contrato textual até lá.	
418	all-page-0417	BOOKMAKER CONTRACT — KALLISTIS FICHA DO JOGADOR	Pacote de assets	narrative	TEXT_FLOW	MANUAL_REVIEW	P2	LOW_FILL_OR_SHORT_COMPOSITION	Verificar ritmo, espaço negativo e eventual arte contextual; não comprimir texto automaticamente.	
419	all-page-0418	BOOKMAKER CONTRACT — KALLISTIS FICHA DO JOGADOR	Dicionário dos assets	narrative	TEXT_FLOW	MANUAL_REVIEW	P2	PLAYER_SHEET_CONTRACT_NOT_MATERIALIZED_AS_NATIVE_PAGES	Na fase manual, materializar as quatro páginas nativas da ficha usando o pacote F01-F22; manter o contrato textual até lá.	1 tabelas
420	all-page-0419	BOOKMAKER CONTRACT — KALLISTIS FICHA DO JOGADOR	Dicionário dos assets	narrative	TEXT_FLOW	MANUAL_REVIEW	P2	PLAYER_SHEET_CONTRACT_NOT_MATERIALIZED_AS_NATIVE_PAGES	Na fase manual, materializar as quatro páginas nativas da ficha usando o pacote F01-F22; manter o contrato textual até lá.	1 tabelas
421	all-page-0420	BOOKMAKER CONTRACT — KALLISTIS FICHA DO JOGADOR	Página 2 — TRILHA / AÇÃO	narrative	TEXT_FLOW	MVP_GOOD	-		Nenhuma ação estrutural; refinar somente se a revisão humana encontrar ganho editorial claro.	
422	all-page-0421	BOOKMAKER CONTRACT — KALLISTIS FICHA DO JOGADOR	Página 4 — MEMÓRIA / PROGRESSÃO	narrative	TEXT_FLOW	MVP_GOOD	-		Nenhuma ação estrutural; refinar somente se a revisão humana encontrar ganho editorial claro.	
423	all-page-0422	BOOKMAKER CONTRACT — KALLISTIS FICHA DO JOGADOR	Suplementos	narrative	TEXT_FLOW	MVP_GOOD	-		Nenhuma ação estrutural; refinar somente se a revisão humana encontrar ganho editorial claro.	
424	all-page-0423	BOOKMAKER CONTRACT — KALLISTIS FICHA DO JOGADOR	Gate de materialização	narrative	TEXT_FLOW	MANUAL_REVIEW	P2	PLAYER_SHEET_CONTRACT_NOT_MATERIALIZED_AS_NATIVE_PAGES	Na fase manual, materializar as quatro páginas nativas da ficha usando o pacote F01-F22; manter o contrato textual até lá.	
