asset	sha256	theme	people	office	location	part	editorial_type	orientation	width_px	height_px	aspect_ratio	status	used	reason
/assets/branding/KALLISTIS_lockup_master.jpg	c8e6be893273050b701bad7e42096d200809bdc7379e94c66fb86b4f8416c1d2	branding					ILLUSTRATION	PORTRAIT	1121	1584	0.708	APPROVED_OR_USABLE_UNASSIGNED	0	NEEDS_HUMAN_REVIEW
/assets/branding/KALLISTIS_symbol_master.jpg	e13a90c6fa9fb0809a715af416f6a9f3afcd531d6e81874077493dfc433b24e2	branding					ILLUSTRATION	SQUARE	730	630	1.159	APPROVED_OR_USABLE_UNASSIGNED	0	NEEDS_HUMAN_REVIEW
/assets/branding/KALLISTIS_wordmark_master.jpg	31c54d2334da91e7dbcfc1c030509a04577b055cc25eda057d2c54f05dab6ec9	branding					ILLUSTRATION	LANDSCAPE	910	340	2.676	APPROVED_OR_USABLE_UNASSIGNED	0	NEEDS_HUMAN_REVIEW
/assets/complete/bestiary/arvore-mae.png	cb023b49e19ac3d612e0fc86fa10fa2dc33be06cea94d13e602ffe4579316420	complete/bestiary					BESTIARY	UNKNOWN				USED	1	
/assets/complete/bestiary/automato.png	1cfec7343790bd24f036324fab00a9ba7eaecdb208c302809c16670eb5728813	complete/bestiary					BESTIARY	UNKNOWN				USED	1	
/assets/complete/bestiary/bestiario-abertura.png	9b2ca02ba60b3ae546b9e58d07c099794fd5f2dda7eb7e468195d310cadf9e35	complete/bestiary					BESTIARY	UNKNOWN				APPROVED_OR_USABLE_UNASSIGNED	0	REDUNDANT_DUPLICATE_PATH
/assets/complete/bestiary/cao-leao.png	e3a2d9e714c732911783422405c50c0b18ae0589ae70004ad8cde4a7f300d861	complete/bestiary					BESTIARY	UNKNOWN				USED	1	
/assets/complete/bestiary/corvo.png	a688afcd178175d4a400d5da15faf235ad36f578c1102e07666e0cd937cb9d1d	complete/bestiary					BESTIARY	UNKNOWN				USED	1	
/assets/complete/bestiary/devorador.png	88cf1901d052fe61f09a4bb1a1c70c0b25f5c306d0cfdec90bbb743161f5b838	complete/bestiary					BESTIARY	UNKNOWN				USED	1	
/assets/complete/bestiary/dragao-cristalino.png	e85da577e91287647e97e2dbd00b3e54e0286c84baf9478e71e2f494764eb796	complete/bestiary					BESTIARY	UNKNOWN				USED	1	
/assets/complete/bestiary/drakos.png	aecb1b840849f07201a12ec6ccef15338b64782118432d544b46bd98a5782500	complete/bestiary					BESTIARY	UNKNOWN				USED	1	
/assets/complete/bestiary/eco-corrompido.png	77c23e25c9e6fecae4f614a6b1a7e8c52aa067c7fa65b478a46ee8e3dfc1f8b0	complete/bestiary					BESTIARY	UNKNOWN				USED	2	
/assets/complete/bestiary/ersomagem-duas-criaturas-full-art.png	09575cecd53dad608c083651d349a267bb382d521ee7e6f067019abb0224c8ed	complete/bestiary					BESTIARY	UNKNOWN				USED	1	
/assets/complete/bestiary/estilhaco.png	07f9124754874628aed8d557db31108627ff467131b54b1e211c606f41c8495f	complete/bestiary					BESTIARY	UNKNOWN				USED	1	
/assets/complete/bestiary/filhote.png	0a96681692e4c8a671ad514567a046d5d36345526443541fb8b3f6856789649f	complete/bestiary					BESTIARY	UNKNOWN				USED	1	
/assets/complete/bestiary/leviata.png	e3fd4744e03d67c218f059f8fdab2a5ac568b8214fea95dd43cfd339acd606e6	complete/bestiary					BESTIARY	UNKNOWN				USED	1	
/assets/complete/bestiary/pato.png	019af1d209c97999b979efdc1f55621fc9515623a86866f86eb0ee7ffc6d2e6c	complete/bestiary					BESTIARY	UNKNOWN				USED	1	
/assets/complete/bestiary/plates/automato-variante.png	7e1abc93be3b82ef7310fdb865efa151d720166ecebc7e802759279edad19855	complete/bestiary/plates					BESTIARY	UNKNOWN				USED	1	
/assets/complete/bestiary/plates/bestiario-atmosfera.png	9b2ca02ba60b3ae546b9e58d07c099794fd5f2dda7eb7e468195d310cadf9e35	complete/bestiary/plates					BESTIARY	UNKNOWN				USED	1	
/assets/complete/bestiary/plates/devorador-variante.png	7cbe2f8528fff2b7ad51078f33d9645e3ccb0efae6257f0ecaa706ba3788ddf5	complete/bestiary/plates					BESTIARY	UNKNOWN				USED	1	
/assets/complete/bestiary/plates/drako-brasa.png	6205dd61739f478fbeceb072948ab57df31d04ceab45e6d2b4bf8a979dee7965	complete/bestiary/plates					BESTIARY	UNKNOWN				USED	1	
/assets/complete/bestiary/plates/drako-cristal.png	461bb8c2579170eb5b61be2b2daaad99ad67be44b1ef79c8c26827d89a431669	complete/bestiary/plates					BESTIARY	UNKNOWN				USED	2	
/assets/complete/bestiary/plates/leviata-variante-b.png	f8bdfc4def7af7384e094239d3ee93162c5c1b721a93d4511e8913cdf7e8724c	complete/bestiary/plates					BESTIARY	UNKNOWN				USED	1	
/assets/complete/bestiary/plates/leviata-variante-c.png	6d69946a93911849a6e6daaf8f2d40b669f6a244ab0a2391c8ef1ebf8efe4c17	complete/bestiary/plates					BESTIARY	UNKNOWN				APPROVED_OR_USABLE_UNASSIGNED	0	REDUNDANT_DUPLICATE_PATH
/assets/complete/bestiary/plates/roedor-variante.png	52a969d30577079927c7756494f23652da0065dbfa66202d6c485ad3cfd934fe	complete/bestiary/plates					BESTIARY	UNKNOWN				APPROVED_OR_USABLE_UNASSIGNED	0	NEEDS_HUMAN_REVIEW
/assets/complete/bestiary/roedor.png	781901a8b18f6cbb8ee2602f3d63e2061dba764f5f28f1e44a2470f67e340f61	complete/bestiary					BESTIARY	UNKNOWN				USED	1	
/assets/complete/bestiary/serpente.png	f7c8227efb65d92066179a34382e8501a56785d8cfc326e9628bba8bde828cb3	complete/bestiary					BESTIARY	UNKNOWN				USED	2	
/assets/complete/bestiary/tartaruga-fortaleza.png	6f46eb97e78fc9adf637a069ee2e66fdfad22faf93726f72d0b743c6fa3a08d8	complete/bestiary					BESTIARY	UNKNOWN				USED	1	
/assets/complete/diagrams/economia-acao.svg	0839deb188f3d040a5b56b7439a7ac975dd17bbd7f1cdefe37c5d4e9041bd4f4	complete/diagrams					DIAGRAM	LANDSCAPE	900	420	2.143	USED	1	
/assets/complete/diagrams/fluxo-dano.svg	9e4d98ca888057fa663d80e50cd4ed9b0dffa362924178a029d6c2fa28418cf4	complete/diagrams					DIAGRAM	LANDSCAPE	1100	360	3.056	USED	1	
/assets/complete/diagrams/grid-tatico.svg	0f4714f9de4741b40a54980f29bf0e1014a2558ba515565c3257eb47c3893ab3	complete/diagrams					DIAGRAM	LANDSCAPE	900	560	1.607	USED	1	
/assets/complete/offices/artifice.png	8cb70416d2c77829d258f75724febbf787605df0f0e89cb6665609c810c0a6a2	complete/offices					OFFICE	UNKNOWN				USED	1	
/assets/complete/offices/atirador.png	fb9862098d3d3b404eef3ac5dc156ae8b03121340cd2a74c6efda4a1319badf1	complete/offices					OFFICE	UNKNOWN				USED	1	
/assets/complete/offices/batedor.png	a6060bfcb22cb362f3f4fda523f5d85e5f47576c474bdfc1a327891393776769	complete/offices					OFFICE	UNKNOWN				USED	1	
/assets/complete/offices/curador.png	90dc653b9a224d2b77bc06e3ec29e0d4e3ea381b2497e59c8e78cba311abf307	complete/offices					OFFICE	UNKNOWN				USED	1	
/assets/complete/offices/duelista.png	cc91c31596276e5986f84f05a6268382c4627da52d93850e1add2e860a2ff6c6	complete/offices					OFFICE	UNKNOWN				USED	1	
/assets/complete/offices/evocador.png	9b091877794b4d0e2d701cb6a744871387a53d0726a99ec462020ca81ee5b9f5	complete/offices					OFFICE	UNKNOWN				USED	1	
/assets/complete/offices/guardiao.png	3ade014e079c5ac6e31851a002986adc7052b041ee6f1ed7ac0df3c8201af9eb	complete/offices					OFFICE	UNKNOWN				USED	1	
/assets/complete/offices/tecelao.png	25d04251a03b61699eac808ee6255a77be8de6d56a6edfe0e9aa5695c79857df	complete/offices					OFFICE	UNKNOWN				USED	1	
/assets/complete/parte-v-velarim.png	d6a4a389c6d9978e498994cce94b9925f0fe837e0f9e1b0c76314b028f19a58e	complete				parte-v-velarim.png	OPENING/HERO	UNKNOWN				USED	1	
/assets/complete/parte-vi-jogando.png	9ec600bd640991f515a56df86ce38bca8135b83bae8a095db0e7b77bd44fd529	complete				parte-vi-jogando.png	OPENING/HERO	UNKNOWN				APPROVED_OR_USABLE_UNASSIGNED	0	NEEDS_HUMAN_REVIEW
/assets/complete/parte-vii-conduzindo.png	a7ed1f3058911beb61e53614ba2d02c42c7af76fa43a6922ab3b6138e07d3103	complete				parte-vii-conduzindo.png	OPENING/HERO	UNKNOWN				APPROVED_OR_USABLE_UNASSIGNED	0	NEEDS_HUMAN_REVIEW
/assets/complete/pedralma-velarim.png	39c991c5d4512515a10f41b2f803b0c190d3c58453883583513c6bcc8e8f8e4b	complete					ILLUSTRATION	UNKNOWN				APPROVED_OR_USABLE_UNASSIGNED	0	REDUNDANT_DUPLICATE_PATH
/assets/complete/support/apendices/simbolos-oficios-referencia.png	c2d881b645501b8344e59efa461df8f6f1f37208ab9b48ab767d33c3f284f7b3	complete/support/apendices					OFFICE	UNKNOWN				USED	1	
/assets/complete/support/bestiary/arvore-mae-escala.png	cb023b49e19ac3d612e0fc86fa10fa2dc33be06cea94d13e602ffe4579316420	complete/support/bestiary					BESTIARY	UNKNOWN				USED	1	
/assets/complete/support/bestiary/dragao-escala.png	e85da577e91287647e97e2dbd00b3e54e0286c84baf9478e71e2f494764eb796	complete/support/bestiary					BESTIARY	UNKNOWN				USED	1	
/assets/complete/support/bestiary/escala-colossos.svg	d27094d9f5ed2df2e00d904a91f66e945c3dea89f4ad4824dd19f60bbc7e3acc	complete/support/bestiary					BESTIARY	LANDSCAPE	720	420	1.714	APPROVED_OR_USABLE_UNASSIGNED	0	NEEDS_HUMAN_REVIEW
/assets/complete/support/bestiary/leviata-escala.png	6d69946a93911849a6e6daaf8f2d40b669f6a244ab0a2391c8ef1ebf8efe4c17	complete/support/bestiary					BESTIARY	UNKNOWN				USED	1	
/assets/complete/support/offices/artifice-recurso.png	9337ade00a7624631a05a2b791417c6e9eceddc0c84864ce95cb6e7f5c6b406a	complete/support/offices					OFFICE	UNKNOWN				APPROVED_OR_USABLE_UNASSIGNED	0	NO_EDITORIAL_SLOT
/assets/complete/support/offices/atirador-recurso.png	66ccc32a7ce0cd4ec1adc98f2c59a276b057cfa9f7d98f4941d115e7257b2794	complete/support/offices					OFFICE	UNKNOWN				APPROVED_OR_USABLE_UNASSIGNED	0	NO_EDITORIAL_SLOT
/assets/complete/support/offices/batedor-recurso.png	4383430b38524b625c36a0fd95d58388375d239df2dee65aac673d9989a332b3	complete/support/offices					OFFICE	UNKNOWN				APPROVED_OR_USABLE_UNASSIGNED	0	NO_EDITORIAL_SLOT
/assets/complete/support/offices/curador-recurso.png	99643d34f77cbfef4bd6066bed57d6d0e3c702414eda085c9a74c6331e3bff34	complete/support/offices					OFFICE	UNKNOWN				APPROVED_OR_USABLE_UNASSIGNED	0	NO_EDITORIAL_SLOT
/assets/complete/support/offices/duelista-recurso.png	1ff047edac1fa4f892126e6ff8d263fe2a8647eaed0ad9d7e4e04a159656d9e2	complete/support/offices					OFFICE	UNKNOWN				APPROVED_OR_USABLE_UNASSIGNED	0	NO_EDITORIAL_SLOT
/assets/complete/support/offices/evocador-recurso.png	03240413eda4d7ca0ee16f2cfbb8aa8bff57119243363273f3cee71f308b2178	complete/support/offices					OFFICE	UNKNOWN				APPROVED_OR_USABLE_UNASSIGNED	0	NO_EDITORIAL_SLOT
/assets/complete/support/offices/guardiao-recurso.png	d0b4e3d9463ad69507f83b7a5f63e64872dd34851c3d0cd9cd0ce1669299ef1c	complete/support/offices					OFFICE	UNKNOWN				APPROVED_OR_USABLE_UNASSIGNED	0	NO_EDITORIAL_SLOT
/assets/complete/support/offices/tecelao-recurso.png	9ad0e55f5db383b9be8facea4822d44a0cbc3c8f565ec7c8f47d352e1d9d0f30	complete/support/offices					OFFICE	UNKNOWN				APPROVED_OR_USABLE_UNASSIGNED	0	NO_EDITORIAL_SLOT
/assets/complete/support/peoples/aelvari-context.png	3222c48689598013b0113bc84a6713fabe9a025919f3cf81eea7a69e116239d6	complete/support/peoples					PEOPLE	UNKNOWN				USED	1	
/assets/complete/support/peoples/doreos-context.png	5089d586221475b6cb169a4d8419806fc116b69d1cb82bfd1867b97c44e991b5	complete/support/peoples					PEOPLE	UNKNOWN				USED	1	
/assets/complete/support/peoples/draken-context.png	6819d70e2b47050c82c4c251bff77f4008f92050d5d812e8abe8a71d0f6fc710	complete/support/peoples					PEOPLE	UNKNOWN				USED	1	
/assets/complete/support/peoples/kragor-context.png	20e93c280243a1e5e886531ecb6456d27c42ae2752184c233ec0b32e0df4b11a	complete/support/peoples					PEOPLE	UNKNOWN				USED	1	
/assets/complete/support/peoples/livres-context.png	db3498c88e22824facf5b86b661d78392802ec158ad7a48276e4d86e2ae80000	complete/support/peoples					PEOPLE	UNKNOWN				USED	1	
/assets/complete/support/peoples/nimari-context.png	a5440ced0b77947b509cf6acf6ffbc6f4b8830b897fd23efdf2a01a0d27af6ff	complete/support/peoples					PEOPLE	UNKNOWN				USED	1	
/assets/complete/support/peoples/nomos-context.png	ad3529b61c94ba630b960b52666a9b5cc80825961924dd1b896e62457dd929bf	complete/support/peoples					PEOPLE	UNKNOWN				USED	1	
/assets/complete/support/peoples/teriantes-context.png	773e44c98b31d47fc0a65dd8d0de7cb6de45d60e9499456dd90dc8802fe0e7e5	complete/support/peoples					PEOPLE	UNKNOWN				USED	1	
/assets/complete/support/peoples/vitralios-context.png	703d714b7588b2504f89886d064ae37139e818954c6c5ee96fa93540e648ce51	complete/support/peoples					PEOPLE	UNKNOWN				USED	3	
/assets/cover/capa-cristal.jpg	48555521e0d0cc30af7f088a796a8dc851b5b3fd0c0acf4f45dc9456f5954ccf	cover					OPENING/HERO	PORTRAIT	1241	1754	0.708	APPROVED_OR_USABLE_UNASSIGNED	0	NEEDS_HUMAN_REVIEW
/assets/handoff/approved/p004_velha_e_fresta_pb.png	e1db36db28c181e1e6bfc19b3a6cf9f558925ffb5b4457c1cb049f35de84e695	handoff/approved					ILLUSTRATION	UNKNOWN				USED	1	
/assets/handoff/approved/p005_cristal_partido_pb.png	403c9be0f92c8e129dbd69afad68d6ab6ac634e12450cd5bc9a5230059d2ef1b	handoff/approved					ILLUSTRATION	UNKNOWN				USED	1	
/assets/handoff/approved/p006_manesh_pb.png	1e618ac5136cd5a612e107134a8bb3e60a309049e18ad03e9e7fc72037c5312b	handoff/approved					ILLUSTRATION	UNKNOWN				USED	1	
/assets/handoff/approved/p007_thuvel_pb.png	5884f64463aa603cb8add0cdae1dee98f6c1d0af28446dada86a463d27a4802b	handoff/approved					ILLUSTRATION	UNKNOWN				USED	1	
/assets/handoff/approved/p008_009_luz_escuridao_sombra_pb.png	5edb45520acced383e4e2cfdabf04842d2ec7be4fe71d211205c32a542516d1b	handoff/approved					ILLUSTRATION	UNKNOWN				USED	2	
/assets/handoff/approved/p010_cristal_uno_pb.png	a1c9bdc41c3a8aab064fdd33ce1e5ec210f926848029d5654066dae5d39d9994	handoff/approved					ILLUSTRATION	UNKNOWN				USED	1	
/assets/handoff/approved/p011_mirveth_manesh_pb.png	dcd05a2690dea84f54012cfc247b27f55511dffa270531eefa5a5ab358eb15bf	handoff/approved					ILLUSTRATION	UNKNOWN				USED	1	
/assets/handoff/approved/p012_mirveth_thuvel_pb.png	6f860801931a72cc3391bba87398bf8cae5003ff66a266729cf8d51e7a58cbd0	handoff/approved					ILLUSTRATION	UNKNOWN				USED	1	
/assets/handoff/approved/p013_pedralma_monolito_pb.png	d300db9458c83144403fb6e628b77eb19854ffbffde3d4315247d8175161c4d2	handoff/approved					ILLUSTRATION	UNKNOWN				USED	1	
/assets/handoff/approved/p014_pedralma_escalas_pb.png	685cf35083aad7d4cd7c487a957f77991f7149f645bc25e52727704343e84b35	handoff/approved					ILLUSTRATION	UNKNOWN				USED	1	
/assets/handoff/approved/p017_dois_mundos_fratura_pb.png	38cbbd6b7bc1482595125b67d0c436ea87b1791ca1c7e7ebd3f6ff60def8c362	handoff/approved					ILLUSTRATION	UNKNOWN				USED	1	
/assets/handoff/approved/p019_silmain_pb.png	9d5ba02324170b5c62d5d1c97014fe382a69d20ad215743606b7ac08adcf4365	handoff/approved					ILLUSTRATION	UNKNOWN				USED	2	
/assets/handoff/approved/p020_primeiras_frestas_pb.jpg	3bc9478999faa5847675f6965caf3111dbb5eebbe90327875e93ae52445fd55c	handoff/approved					ILLUSTRATION	PORTRAIT	687	1024	0.671	USED	1	
/assets/handoff/approved/p021_022_kethrell_faccao_cientifica_pb.jpg	5b1ff7223133b71e6309363fb7dbddfdf54e19c63596989455b1aaaa86a658f2	handoff/approved					ILLUSTRATION	PORTRAIT	687	1024	0.671	USED	1	
/assets/handoff/approved/p024_025_outros_lightbringers_pb.jpg	a0576c36225a182e39d4707724c306669f2bb8344a3c04a45895645931d228ed	handoff/approved					ILLUSTRATION	LANDSCAPE	1024	687	1.491	USED	5	
/assets/handoff/approved/p026_027_daeren_thavin_isenna_pb.jpg	3e1c215951a49b6cd3134da80764c34ed25e7cd0e7ec3fe984f843bdc123f3f8	handoff/approved					ILLUSTRATION	LANDSCAPE	1024	687	1.491	USED	3	
/assets/handoff/approved/p028_029_thaeraen_tempo_escolha_pb.jpeg	4af9ac8918226535592b2d562d4c36cf62bb5ae77c648bfabfb8318ce6d3d161	handoff/approved					ILLUSTRATION	LANDSCAPE	1024	687	1.491	USED	1	
/assets/locations/cotidiano-dualidade.jpg	7aa77029f459a2e56e602cade7ca28b01e709e1251639b93ba4b52555d0ccf7f	locations			cotidiano-dualidade		ILLUSTRATION	LANDSCAPE	1594	890	1.791	APPROVED_OR_USABLE_UNASSIGNED	0	NEEDS_HUMAN_REVIEW
/assets/locations/fratura-eixo.jpg	7c9201a131c1106d709e9fef67c3641a04675dfa50fa8bdf24f0c0da4e6061e5	locations			fratura-eixo		ILLUSTRATION	LANDSCAPE	1713	956	1.792	APPROVED_OR_USABLE_UNASSIGNED	0	NEEDS_HUMAN_REVIEW
/assets/maps/dualidade.jpg	59b3c9c8d354b29a2aee8ccb5f67e53f9c7a2a23bcd2c648aa692e35b1e8e1e2	maps			dualidade		MAP	LANDSCAPE	1672	941	1.777	APPROVED_OR_USABLE_UNASSIGNED	0	NEEDS_HUMAN_REVIEW
/assets/partes/encerramento-final.png	528329ec8fe80fb1ba7698f2f981f3e0447e707799d6964ce9cfce0b4b5eb100	partes					OPENING/HERO	UNKNOWN				USED	1	
/assets/partes/estado-politico.jpg	59c58b32ecc54aea86f4a124186d407e9fe4a0bb28a612d01fb78a22a13d726b	partes					OPENING/HERO	LANDSCAPE	1024	687	1.491	USED	1	
/assets/partes/fenda-kethrell.png	d76f091db2c482bc1815b3265334406c2bc0edcb92acc854529eb1f8e042c58f	partes					OPENING/HERO	UNKNOWN				USED	1	
/assets/partes/mapa-duas-camadas.png	f895f8161e659c07b67a71e20a3bac6b9452e315654048ecfe0d889c14dfcb80	partes			mapa-duas-camadas		MAP	UNKNOWN				APPROVED_OR_USABLE_UNASSIGNED	0	NEEDS_HUMAN_REVIEW
/assets/partes/mapa-geral-cinturao-spread.png	cf8db9e23c86b52ffcba873eb93bfc4111a0005a973ef4589d2436a9edde467d	partes			mapa-geral-cinturao-spread		MAP	UNKNOWN				USED	2	
/assets/partes/oficio-duelista.png	cc91c31596276e5986f84f05a6268382c4627da52d93850e1add2e860a2ff6c6	partes					OFFICE	UNKNOWN				USED	1	
/assets/partes/parte-ii-cinturao.png	6cf699142641d2055e9f2795e9dbbc948e3f36fa23c60d723accf954a8d53473	partes				parte-ii-cinturao.png	OPENING/HERO	UNKNOWN				USED	3	
/assets/partes/parte-iii-povos.png	963acd32953691bb3415ceaf1b3bdfe94d04fb95f5dd448df1366d1269e0584e	partes				parte-iii-povos.png	PEOPLE	UNKNOWN				USED	1	
/assets/partes/parte-iv-memoria.png	f7bfe2f541a53dd9085ad48d1680585270490d5b982dca3c478019ba6bc3770b	partes				parte-iv-memoria.png	OPENING/HERO	UNKNOWN				APPROVED_OR_USABLE_UNASSIGNED	0	NEEDS_HUMAN_REVIEW
/assets/partes/pedralma-escalas.png	685cf35083aad7d4cd7c487a957f77991f7149f645bc25e52727704343e84b35	partes					OPENING/HERO	UNKNOWN				APPROVED_OR_USABLE_UNASSIGNED	0	REDUNDANT_DUPLICATE_PATH
/assets/partes/pedralma-monolito.png	d300db9458c83144403fb6e628b77eb19854ffbffde3d4315247d8175161c4d2	partes					OPENING/HERO	UNKNOWN				APPROVED_OR_USABLE_UNASSIGNED	0	REDUNDANT_DUPLICATE_PATH
/assets/partes/pedralma-monumental.png	92ef5b4f76a8253dbbc34a35d0a903597167b80e060c55b28fe2ad35c653c6c1	partes					OPENING/HERO	UNKNOWN				USED	2	
/assets/partes/pedralma-velarim.png	39c991c5d4512515a10f41b2f803b0c190d3c58453883583513c6bcc8e8f8e4b	partes					OPENING/HERO	UNKNOWN				USED	1	
/assets/partes/povo-aelvari.png	6fa1efc7d9ea2ae54647ce44a7a40da13bf18a6df83bc2639adb877ccd7ecc2a	partes					PEOPLE	UNKNOWN				USED	1	
/assets/partes/povo-doreos.png	24d42dd52ca92ecd9bc4fcb6395f2142e5689426ccff8efe7f3ab094ae116f51	partes					PEOPLE	UNKNOWN				APPROVED_OR_USABLE_UNASSIGNED	0	NEEDS_HUMAN_REVIEW
/assets/partes/povo-draken.png	c6ff7488e4354cceb034963078ab6dcf9d5dfddb5694c72ac68072dc148cbfde	partes					PEOPLE	UNKNOWN				APPROVED_OR_USABLE_UNASSIGNED	0	NEEDS_HUMAN_REVIEW
/assets/partes/povo-kragor.png	cc644573abc528fd1b8cdcc44e4f2100600ad57704d67aaf7e0aacf73a0e6fcf	partes					PEOPLE	UNKNOWN				APPROVED_OR_USABLE_UNASSIGNED	0	NEEDS_HUMAN_REVIEW
/assets/partes/povo-livres.png	0519577d1a7b9d23e53aadb82af710870323f108b26a9922a9e144a9c80086b4	partes					PEOPLE	UNKNOWN				APPROVED_OR_USABLE_UNASSIGNED	0	NEEDS_HUMAN_REVIEW
/assets/partes/povo-nimaris.png	b419d2d44da95ca8657e6a1e3f37c137e32ccd0cfff8df02e82c82e8d8bd9ca7	partes					PEOPLE	UNKNOWN				USED	2	
/assets/partes/povo-nomos.png	28b2817625d51c16e4a48fdd05fe9c4660780db1c214c507d8140a8e5467a807	partes					PEOPLE	UNKNOWN				APPROVED_OR_USABLE_UNASSIGNED	0	NEEDS_HUMAN_REVIEW
/assets/partes/povo-teriantes.png	6a0df00c4307ab9ebc8ed361ffab6d36ab25f35ac8cdc2a492b1aeb76504192e	partes					PEOPLE	UNKNOWN				APPROVED_OR_USABLE_UNASSIGNED	0	NEEDS_HUMAN_REVIEW
/assets/partes/povo-vitralios.png	98fc176aea334ba1411562da36db08bbd19960781020c6db673d30857b1b3bd7	partes					PEOPLE	UNKNOWN				APPROVED_OR_USABLE_UNASSIGNED	0	NEEDS_HUMAN_REVIEW
/assets/partes/rotas-clandestinas.png	913c9bd89ab9d50de1cac78ec572b0503ec1cae901ffed27c7985497cf8f954d	partes			rotas-clandestinas		MAP	UNKNOWN				USED	1	
/assets/partes/rotas-oficiais.png	a77fe74196e4b4a919c4967e5a095cf1137ee54254050ef5194ea42d6cab003e	partes			rotas-oficiais		MAP	UNKNOWN				USED	1	
/assets/partes/silmari.png	99eeae0d3b10229d0eed45b01d535164f7935cc885539eecc70dfea5de32b885	partes					OPENING/HERO	UNKNOWN				USED	1	
/assets/partes/simbolos-oficios.png	c2d881b645501b8344e59efa461df8f6f1f37208ab9b48ab767d33c3f284f7b3	partes					OFFICE	UNKNOWN				APPROVED_OR_USABLE_UNASSIGNED	0	REDUNDANT_DUPLICATE_PATH
/assets/partes/thur-daer.png	3be48f2a5c75fabb6da01f3c386aa86a277a0391d54a9370a40fbe44130bc374	partes					OPENING/HERO	UNKNOWN				USED	1	
/assets/povos/doreos.jpg	f48c2de5c854c028329b8a93769b250954df300ff505d0340980192972a3f0bf	povos	doreos.jpg				PEOPLE	PORTRAIT	615	769	0.800	APPROVED_OR_USABLE_UNASSIGNED	0	NEEDS_HUMAN_REVIEW
/assets/povos/kragor.jpg	7f7df9067cfb867db3ef1fbeeba87b2341da04c0db02893b900379fa6ea1dbf3	povos	kragor.jpg				PEOPLE	PORTRAIT	615	769	0.800	APPROVED_OR_USABLE_UNASSIGNED	0	NEEDS_HUMAN_REVIEW
/assets/v1.5-acervo/0eca09f8dc7b2f5870a473a5.png	0eca09f8dc7b2f5870a473a53ce70ddc419309f7c78cb0392043df35689e549c	v1.5-acervo					ILLUSTRATION	UNKNOWN				USED	1	
/assets/v1.5-acervo/1140ea2d7878a1c0005a01bb.png	1140ea2d7878a1c0005a01bb2cad093c6f38f2dcd3b1dd20d460e993d96bf8a5	v1.5-acervo					ILLUSTRATION	UNKNOWN				USED	1	
/assets/v1.5-acervo/1142ce903651a3e65b2a701b.png	1142ce903651a3e65b2a701b55f0860c22ed4d7c7c873a30081af5538fe49971	v1.5-acervo					ILLUSTRATION	UNKNOWN				USED	1	
/assets/v1.5-acervo/11e82c67360f9a20df244a78.jpg	11e82c67360f9a20df244a78ee045fb1fe25977d732188fc063cb0073971da81	v1.5-acervo					ILLUSTRATION	LANDSCAPE	1800	1005	1.791	USED	1	
/assets/v1.5-acervo/180a38acf9d433bf1007f771.png	180a38acf9d433bf1007f771ac3d847a9a6844b31adfce48394efc706e33b8d4	v1.5-acervo					ILLUSTRATION	UNKNOWN				USED	1	
/assets/v1.5-acervo/1b776ed1a7c3781b7a99c351.png	1b776ed1a7c3781b7a99c35144186b06a1bfc89be59134470a4a00c2ed84c367	v1.5-acervo					ILLUSTRATION	UNKNOWN				USED	1	
/assets/v1.5-acervo/21af07a7c7ee95185b8f13ee.png	21af07a7c7ee95185b8f13eec598bde8b8672eabe20483b2e3ad0f94bdd1bd52	v1.5-acervo					ILLUSTRATION	UNKNOWN				USED	1	
/assets/v1.5-acervo/23de8f504d529057c1b68be5.png	23de8f504d529057c1b68be5067efe8bf04b7738cb526ad3fe6bf54666dc5d3c	v1.5-acervo					ILLUSTRATION	UNKNOWN				USED	1	
/assets/v1.5-acervo/375e0d33b9b1d37f9cded09b.png	375e0d33b9b1d37f9cded09ba167b69c674597154127995bb5e521b17f80093d	v1.5-acervo					ILLUSTRATION	UNKNOWN				USED	1	
/assets/v1.5-acervo/3aab5f1e53860cf111b12bfe.png	3aab5f1e53860cf111b12bfe09003f0583545ca7753dc9c884c26d39ec2cc3a3	v1.5-acervo					ILLUSTRATION	UNKNOWN				USED	1	
/assets/v1.5-acervo/3b0ebfe781b00e0708818687.png	3b0ebfe781b00e0708818687f6e77614b7f59778f8b272aabf6e6edd7a590774	v1.5-acervo					ILLUSTRATION	UNKNOWN				USED	1	
/assets/v1.5-acervo/3c0d8c440f53782c915405b8.png	3c0d8c440f53782c915405b8c39f80ddb193684fc5caca30927585dafa51bb29	v1.5-acervo					ILLUSTRATION	UNKNOWN				USED	1	
/assets/v1.5-acervo/3d5e9b0f770cebffc0b98e4b.png	3d5e9b0f770cebffc0b98e4bd8bfcfadbc6541343d79e7fd756cc2fa314e5b37	v1.5-acervo					ILLUSTRATION	UNKNOWN				USED	1	
/assets/v1.5-acervo/3ee68c808a211a2a2314d7ca.png	3ee68c808a211a2a2314d7ca177510131a739714ebf547cbcb9a9c7f5bf5e85d	v1.5-acervo					ILLUSTRATION	UNKNOWN				USED	1	
/assets/v1.5-acervo/43516f6f24c0bca4ba955a80.png	43516f6f24c0bca4ba955a8027cc0b482443974f28acb911296254bb8aa0172c	v1.5-acervo					ILLUSTRATION	UNKNOWN				USED	1	
/assets/v1.5-acervo/43a7f338ea4556f4709a6e88.png	43a7f338ea4556f4709a6e88055659cf98398fb11a50182c48e12d81cef7db4b	v1.5-acervo					ILLUSTRATION	UNKNOWN				USED	1	
/assets/v1.5-acervo/45453b65d345ad8e7c7041a7.png	45453b65d345ad8e7c7041a707c2139fab980956f4cf029aa0d91cb0badb9712	v1.5-acervo					ILLUSTRATION	UNKNOWN				USED	1	
/assets/v1.5-acervo/47a78ab5350d20bc850ceda7.png	47a78ab5350d20bc850ceda7c41b8b5f29395f791a7c73ebe20df8ccdbd95ce9	v1.5-acervo					ILLUSTRATION	UNKNOWN				USED	1	
/assets/v1.5-acervo/482782ad0bcb66b1ae60fc95.png	482782ad0bcb66b1ae60fc95f85da03157740cfac232e610d3d3a7ebe22d3caa	v1.5-acervo					ILLUSTRATION	UNKNOWN				USED	1	
/assets/v1.5-acervo/5928b9d9f95425727848d4f6.png	5928b9d9f95425727848d4f6c08cc6218d016d4c72590635151a550a6bf6cbe4	v1.5-acervo					ILLUSTRATION	UNKNOWN				USED	1	
/assets/v1.5-acervo/5b060dc3cecafd0c4bdcd128.png	5b060dc3cecafd0c4bdcd1284c29946ab89c81441f08ef624bb0b0ef24dab1dc	v1.5-acervo					ILLUSTRATION	UNKNOWN				USED	1	
/assets/v1.5-acervo/5beaeaad355c8e24e11c8d06.png	5beaeaad355c8e24e11c8d066a5b1920d9fa94e55474c79a924ff08cf9ac1d5b	v1.5-acervo					ILLUSTRATION	UNKNOWN				USED	1	
/assets/v1.5-acervo/5d287cb61ee2988c452c0e84.png	5d287cb61ee2988c452c0e848a8760eaf923fb561c2cf51fefdc23e38dc22d92	v1.5-acervo					ILLUSTRATION	UNKNOWN				USED	1	
/assets/v1.5-acervo/66c0dd4c3f006896046401e3.png	66c0dd4c3f006896046401e36faabe7aa09c1d7cfda265f3c342f7ce2522a978	v1.5-acervo					ILLUSTRATION	UNKNOWN				USED	2	
/assets/v1.5-acervo/67527dc2d6c6e92814ddb622.png	67527dc2d6c6e92814ddb6223c3cdae0789d06f9f872e4087325698a78ea8497	v1.5-acervo					ILLUSTRATION	UNKNOWN				USED	1	
/assets/v1.5-acervo/6761d07bdb5ea3161b97f64a.png	6761d07bdb5ea3161b97f64a6fbcadca271fa9321b9939361d694d9481b4d6d5	v1.5-acervo					ILLUSTRATION	UNKNOWN				USED	1	
/assets/v1.5-acervo/6c5ce6686dc9898171d863c7.png	6c5ce6686dc9898171d863c76479d0248203c6965d35548a0531c484adbdc80a	v1.5-acervo					ILLUSTRATION	UNKNOWN				USED	1	
/assets/v1.5-acervo/6c6a2e79a6447c55bd9a8c29.png	6c6a2e79a6447c55bd9a8c29ec8a52a762a3a1ca9ebc06b41bc5908407adad07	v1.5-acervo					ILLUSTRATION	UNKNOWN				USED	1	
/assets/v1.5-acervo/72d1fb677416ad009e6417ae.png	72d1fb677416ad009e6417ae08a8edce50a25e696c992db688c4baf4dbb0cdd8	v1.5-acervo					ILLUSTRATION	UNKNOWN				USED	1	
/assets/v1.5-acervo/750c15a5705ccbbe34bb0184.png	750c15a5705ccbbe34bb01840a7236648aee7307e702ee874bc6ac0a603f224d	v1.5-acervo					ILLUSTRATION	UNKNOWN				USED	1	
/assets/v1.5-acervo/75b5c900a9434c564e2db699.png	75b5c900a9434c564e2db6998cf28a43d86b248c3c2e7add7265ea3303c4df62	v1.5-acervo					ILLUSTRATION	UNKNOWN				USED	1	
/assets/v1.5-acervo/78a91cdd2394cfaef5cc66a6.png	78a91cdd2394cfaef5cc66a699a575a59fed8c8ffdeb5aa171acee8b23b59215	v1.5-acervo					ILLUSTRATION	UNKNOWN				USED	1	
/assets/v1.5-acervo/79c232e2ca189cfaa6aa32b0.png	79c232e2ca189cfaa6aa32b05dff20a495808428c5e786a7e7525a0a16d70c1d	v1.5-acervo					ILLUSTRATION	UNKNOWN				USED	1	
/assets/v1.5-acervo/7d2fd551b1babb6128e8a229.png	7d2fd551b1babb6128e8a2295dcb62abde0c6757254b569fc8e7de640794ee8c	v1.5-acervo					ILLUSTRATION	UNKNOWN				USED	1	
/assets/v1.5-acervo/80ec7b734bfdce2d68fbed16.png	80ec7b734bfdce2d68fbed16ca867fa970d0acaa9baafa218c330d733d8b6c29	v1.5-acervo					ILLUSTRATION	UNKNOWN				USED	1	
/assets/v1.5-acervo/823f10e62d0d5de26f28f56b.png	823f10e62d0d5de26f28f56bf1507d6031fb003d26d17c9224cb07824448a87c	v1.5-acervo					ILLUSTRATION	UNKNOWN				USED	1	
/assets/v1.5-acervo/89fbfa2d65c88f5b4275cbdc.png	89fbfa2d65c88f5b4275cbdcf7a71ee8e6300a19f61def067b092620c630e2fb	v1.5-acervo					ILLUSTRATION	UNKNOWN				USED	1	
/assets/v1.5-acervo/8ba4b57c5643f701d92f749c.png	8ba4b57c5643f701d92f749cd6452e4a5be627a186893ab8f6e90f667f1ec35c	v1.5-acervo					ILLUSTRATION	UNKNOWN				USED	1	
/assets/v1.5-acervo/976086e7acbd69e669bcb7b7.png	976086e7acbd69e669bcb7b78561f9dc6f92367971b248a18bd36a3efd09678a	v1.5-acervo					ILLUSTRATION	UNKNOWN				USED	1	
/assets/v1.5-acervo/976f891e378af69174cec8d1.png	976f891e378af69174cec8d103b1a222be9a85d462a4e8f5fd5b8534ecb8c56d	v1.5-acervo					ILLUSTRATION	UNKNOWN				USED	1	
/assets/v1.5-acervo/9ba4e27070e61c681a1f425b.png	9ba4e27070e61c681a1f425bb3b72a987dfe925c251a464b59e7e122031569ec	v1.5-acervo					ILLUSTRATION	UNKNOWN				USED	1	
/assets/v1.5-acervo/9e8951e7ebe3d04c852c8628.png	9e8951e7ebe3d04c852c86282869604164f64f7c17c9e6039b883d82b09f4f86	v1.5-acervo					ILLUSTRATION	UNKNOWN				USED	1	
/assets/v1.5-acervo/a0eebf487b0a8191e3283dcb.png	a0eebf487b0a8191e3283dcb2f3592b7343f9e8bd83e12168101859b9261c71b	v1.5-acervo					ILLUSTRATION	UNKNOWN				USED	1	
/assets/v1.5-acervo/a4ae9f9488870787eb3ea076.png	a4ae9f9488870787eb3ea0764262fad0552d204f37acf4223200c29039ab4385	v1.5-acervo					ILLUSTRATION	UNKNOWN				USED	1	
/assets/v1.5-acervo/a7c1f7baf34df935c94c086e.png	a7c1f7baf34df935c94c086e099759f95ab9cba584f728ea83f4fd1eb312d2d6	v1.5-acervo					ILLUSTRATION	UNKNOWN				USED	1	
/assets/v1.5-acervo/a970b0170442d49e0e61f908.png	a970b0170442d49e0e61f908cbf00f90c1ef7cff2eacd877cf6c07b02abbbeba	v1.5-acervo					ILLUSTRATION	UNKNOWN				USED	1	
/assets/v1.5-acervo/ac59ea3830f82d5d691d4a7b.png	ac59ea3830f82d5d691d4a7bdb07112bb9bf08fc8f3f04abae5cac272117456c	v1.5-acervo					ILLUSTRATION	UNKNOWN				USED	1	
/assets/v1.5-acervo/acba636f48cf11c08144a03b.png	acba636f48cf11c08144a03b1c240f0d9dda0c2dab884036479cf1edbb96dad0	v1.5-acervo					ILLUSTRATION	UNKNOWN				USED	2	
/assets/v1.5-acervo/c4fb19c76c18376f4110ea01.png	c4fb19c76c18376f4110ea0128476c5b0c7ad5761753810c46c24f107fc78153	v1.5-acervo					ILLUSTRATION	UNKNOWN				USED	1	
/assets/v1.5-acervo/c80e8c4b1097317c2ccc9994.png	c80e8c4b1097317c2ccc9994e565fd519bf9fa8f12876587496831098f380254	v1.5-acervo					ILLUSTRATION	UNKNOWN				USED	1	
/assets/v1.5-acervo/c919c4525c5ad9b0924661e0.png	c919c4525c5ad9b0924661e08450df331699a8e78d5470d55394f869bec75a0a	v1.5-acervo					ILLUSTRATION	UNKNOWN				USED	1	
/assets/v1.5-acervo/c92d0e7250f4505b9c84b883.webp	c92d0e7250f4505b9c84b883fb882fe70eef6c7448bb68726c34d8ba68f059a8	v1.5-acervo					ILLUSTRATION	UNKNOWN				USED	1	
/assets/v1.5-acervo/cea1aa926677465d42e8e9d9.png	cea1aa926677465d42e8e9d9f68cc95996fca85a8355c4d4d51fd8a774f428af	v1.5-acervo					ILLUSTRATION	UNKNOWN				USED	1	
/assets/v1.5-acervo/cf9f8d8f53c91ebff1859e66.png	cf9f8d8f53c91ebff1859e66ebed75b185e2c6a5303638496975a12dd70616c4	v1.5-acervo					ILLUSTRATION	UNKNOWN				USED	1	
/assets/v1.5-acervo/de5010d1fbe1caa5c85edcf1.png	de5010d1fbe1caa5c85edcf13a05b1acdd915f18482f37956e9b5caaf3887800	v1.5-acervo					ILLUSTRATION	UNKNOWN				USED	1	
/assets/v1.5-acervo/distribuicao-povos.png	963acd32953691bb3415ceaf1b3bdfe94d04fb95f5dd448df1366d1269e0584e	v1.5-acervo					PEOPLE	UNKNOWN				APPROVED_OR_USABLE_UNASSIGNED	0	REDUNDANT_DUPLICATE_PATH
/assets/v1.5-acervo/ee09524034dd435e0ee77774.png	ee09524034dd435e0ee777741e2c06e0fa883e3a182cdbdab413c095a17a0c1e	v1.5-acervo					ILLUSTRATION	UNKNOWN				USED	2	
/assets/v1.5-acervo/ef01ea0c12f6954bc860c2eb.png	ef01ea0c12f6954bc860c2ebd7cfe677f238a6589e5c8d0b6a5cedb673cfb4c9	v1.5-acervo					ILLUSTRATION	UNKNOWN				USED	1	
/assets/v1.5-acervo/ef911ce9af2752d073194cfc.png	ef911ce9af2752d073194cfcc0986fc1c35dca5125c8bd4e535dbdbbff4fc901	v1.5-acervo					ILLUSTRATION	UNKNOWN				USED	1	
/assets/v1.5-acervo/feb73dd8ce62e746a1797d4c.png	feb73dd8ce62e746a1797d4c65961d954ecfaa756228d9cc052c59f5e4f94361	v1.5-acervo					ILLUSTRATION	UNKNOWN				APPROVED_OR_USABLE_UNASSIGNED	0	REDUNDANT_DUPLICATE_PATH
/assets/v1.5-acervo/forja-kelvhen.png	feb73dd8ce62e746a1797d4c65961d954ecfaa756228d9cc052c59f5e4f94361	v1.5-acervo					ILLUSTRATION	UNKNOWN				USED	1	
/assets/v1.5-acervo/thur-daer-pb.png	9800bb4437b65b311db8d160ebf07d88efabfadfc83450e6a0421289857bab33	v1.5-acervo					ILLUSTRATION	UNKNOWN				USED	1	
